"","tbcw","gid"
"1",15.8820588138484,1
"2",24.1585487196642,2
"3",8.27532807701659,3
"4",14.7538958640573,4
"5",-4.93714576799538,5
"6",5.14148862101096,6
"7",16.5130357385165,7
"8",17.4396207257914,8
"9",6.76304148683101,9
"10",-1.48073350586207,10
"11",14.9173756452511,11
"12",8.80083956993865,12
"13",17.2367289580614,13
"14",20.8859864190935,14
"15",22.4768787923256,15
"16",23.292903667143,16
"17",23.4839818492842,17
"18",29.0223923473136,18
"19",29.3302879518905,19
"20",18.5899636623333,20
"21",22.4835630459262,21
"22",38.9504723780351,22
"23",27.8542617799138,23
"24",34.3702883663704,24
"25",16.8659287562818,25
"26",14.1518762426695,26
"27",15.8018111006275,27
"28",29.3630909348345,28
"29",49.6256240449771,29
"30",5.51065506881709,30
"31",12.852882584966,31
"32",29.3207744502991,32
"33",25.33264213,33
"34",28.7840529133017,34
"35",30.1690881868699,35
"36",24.6398263241226,36
"37",19.4187974914202,37
"38",16.1875175958594,38
"39",33.0689395691193,39
"40",24.6058584446152,40
"41",15.0651955809218,41
"42",28.6573009151868,42
"43",34.3598918311187,43
"44",36.8451236677059,44
"45",17.7442160868951,45
"46",33.7365111857645,46
"47",20.3514512219038,47
"48",22.9504404256034,48
"49",16.3984501108839,49
"50",31.928207492732,50
"51",24.2590581651246,51
"52",15.7274560728496,52
"53",33.3573944211224,53
"54",13.5834498007607,54
"55",19.7457217250143,55
"56",16.8374048732578,56
"57",41.7461118428202,57
"58",12.3120744704858,58
"59",35.380346222386,59
"60",14.6687988415952,60
"61",26.3870030554691,61
"62",25.993845018772,62
"63",30.2545595717,63
"64",9.82811018581235,64
"65",24.4949023967046,65
"66",12.4352077054346,66
"67",20.5710145831457,67
"68",28.2610202193137,68
"69",44.2151315858037,69
"70",12.3050507508158,70
"71",18.7162802519226,71
"72",15.4758012545382,72
"73",20.046913030866,73
"74",20.4424937479279,74
"75",23.30088441789,75
"76",23.2216395732184,76
"77",36.8810903116381,77
"78",32.5133579166006,78
"79",8.22283791348389,79
"80",16.7764493640423,80
"81",27.6233572657284,81
"82",30.9008919907244,82
"83",49.9935607566775,83
"84",26.3133526422762,84
"85",28.7544619648897,85
"86",36.5901886426597,86
"87",23.9062580148712,87
"88",32.9642021359458,88
"89",11.7875411839456,89
"90",29.7888273721849,90
"91",19.8220905132945,91
"92",17.876701075003,92
"93",36.8221626354662,93
"94",26.7829214153601,94
"95",8.3307044109433,95
"96",20.4068290664369,96
"97",21.1568676515622,97
"98",11.9862043409723,98
"99",23.7822486427974,99
"100",26.6384768357582,100
"101",6.0084211556657,101
"102",24.4949047705946,102
"103",11.7198451402015,103
"104",-6.49540300790453,104
"105",19.8718368301898,105
"106",21.0143783893056,106
"107",11.7188094287885,107
"108",14.980237417397,108
"109",15.5542381554513,109
"110",18.5175748795281,110
"111",15.9023416737445,111
"112",26.5998106613764,112
"113",1.61511560340247,113
"114",14.8411091757697,114
"115",1.95023615299486,115
"116",23.554838066901,116
"117",11.0882733369867,117
"118",35.8408225208377,118
"119",17.4575050086948,119
"120",23.7162882192991,120
"121",34.6139511583458,121
"122",39.1714421874879,122
"123",22.2677191957996,123
"124",23.0543289869782,124
"125",14.4766112243393,125
"126",39.4696771078693,126
"127",14.5770206257306,127
"128",19.7755946562793,128
"129",36.9620839360426,129
"130",13.2784137469591,130
"131",22.2390378364449,131
"132",31.4488688528598,132
"133",27.3162132777949,133
"134",30.3351506906556,134
"135",15.2653631100281,135
"136",31.6664175096549,136
"137",21.9512166357871,137
"138",23.413081903548,138
"139",29.1838737249941,139
"140",17.3932564626418,140
"141",29.4932550549133,141
"142",32.8657633260081,142
"143",22.9444239466261,143
"144",25.7861848686295,144
"145",23.0274031091515,145
"146",20.1508345287396,146
"147",23.3172197774646,147
"148",34.7634142359251,148
"149",37.4649080155672,149
"150",9.48172014937906,150
"151",12.2507587866656,151
"152",16.6348535595895,152
"153",19.6340360172702,153
"154",27.4430147815816,154
"155",18.033424468642,155
"156",12.19097523152,156
"157",21.1287480775714,157
"158",31.0820409409543,158
"159",15.8549786697649,159
"160",15.3947348302295,160
"161",37.3779568147145,161
"162",30.5073233808454,162
"163",50.1569708061796,163
"164",21.9248581421206,164
"165",17.5794680870551,165
"166",24.9431671918855,166
"167",12.6714711645416,167
"168",18.614868810614,168
"169",12.8015975801422,169
"170",0.0975150570184642,170
"171",7.63288678009564,171
"172",7.43617125280762,172
"173",38.4421607948278,173
"174",31.7319276025577,174
"175",14.2883483864536,175
"176",25.9095988539041,176
"177",22.9131109231868,177
"178",17.8766819058141,178
"179",31.9697574705555,179
"180",11.8227109792204,180
"181",45.1139566883117,181
"182",24.0383820613982,182
"183",43.6910153184358,183
"184",36.0491158232085,184
"185",30.2338389599765,185
"186",41.2504133838175,186
"187",35.4304857841141,187
"188",50.8765152209241,188
"189",40.3681031147903,189
"190",22.3857577471925,190
"191",8.11918112834256,191
"192",11.0613031784587,192
"193",22.1061544359696,193
"194",35.5886311336098,194
"195",13.9217490731371,195
"196",25.6867473318167,196
"197",21.4545170624224,197
"198",34.4887478544702,198
"199",22.1525435061163,199
"200",23.0366506310057,200
"201",21.8304609025948,201
"202",0.906067542106795,202
"203",2.76389619183692,203
"204",12.0574795813421,204
"205",1.34763572651821,205
"206",9.3626008753986,206
"207",5.14401586132373,207
"208",2.28454302478723,208
"209",16.0395639175345,209
"210",10.6611255620805,210
"211",26.3610981283319,211
"212",23.3927796938754,212
"213",22.62242774219,213
"214",19.6006883578054,214
"215",21.3059287893983,215
"216",31.0607716475655,216
"217",13.9667155157723,217
"218",11.992924793202,218
"219",33.6895403902291,219
"220",27.2751489818374,220
"221",21.1266528480806,221
"222",31.9406027900998,222
"223",8.28173472511125,223
"224",32.0469283960907,224
"225",24.5490293086725,225
"226",23.634322380489,226
"227",16.3484300691985,227
"228",23.5558450353963,228
"229",21.559184608001,229
"230",3.20068884650139,230
"231",20.7331337490215,231
"232",26.3779104607171,232
"233",2.81814808521131,233
"234",33.3277240560181,234
"235",6.72054709631149,235
"236",24.4787424774868,236
"237",21.2594636230657,237
"238",34.4668181833808,238
"239",42.941323046593,239
"240",16.2070422329428,240
"241",13.2260980139244,241
"242",29.8268487159871,242
"243",21.4120172027877,243
"244",36.1079408191598,244
"245",8.1347845635189,245
"246",24.3898442992577,246
"247",17.75431564116,247
"248",27.7894344143294,248
"249",10.8663046533184,249
"250",33.0007143504881,250
"251",23.4852207558504,251
"252",14.788736977079,252
"253",13.0608471179499,253
"254",24.5160864118313,254
"255",28.3315734786969,255
"256",33.53537498471,256
"257",14.8511878936805,257
"258",29.0361204351485,258
"259",20.7709353887004,259
"260",23.962652482129,260
"261",23.1445392445178,261
"262",22.3726736889507,262
"263",35.74158562593,263
"264",31.0587656784909,264
"265",17.674490215637,265
"266",18.7945184935504,266
"267",26.6288592943266,267
"268",24.4690051751608,268
"269",21.8416330222319,269
"270",37.9135116591469,270
"271",16.1012389519604,271
"272",4.41000577833125,272
"273",26.04647569972,273
"274",31.1970428860177,274
"275",16.9460458343825,275
"276",35.1840159050651,276
"277",11.7616170042572,277
"278",27.1223251768614,278
"279",35.5294030380054,279
"280",8.59984394630949,280
"281",42.6238338481577,281
"282",38.9111471090096,282
"283",19.3490757197677,283
"284",32.7018669463729,284
"285",39.1613183262919,285
"286",33.1972479172437,286
"287",36.8591395246428,287
"288",30.7792759105773,288
"289",29.3180067231831,289
"290",33.4698351609604,290
"291",16.2777208064822,291
"292",13.2338991314107,292
"293",25.7887398278159,293
"294",37.7576248316777,294
"295",12.43544899042,295
"296",5.23506982538599,296
"297",21.2451237073001,297
"298",16.9268968478103,298
"299",8.10704308958436,299
"300",8.61562875591785,300
"301",26.7764557641825,301
"302",0.233393926652029,302
"303",5.65450684919998,303
"304",4.46794882518691,304
"305",11.614672719638,305
"306",10.8355853010285,306
"307",1.16793564733781,307
"308",13.1085398553993,308
"309",0.801981943812216,309
"310",4.51367297243081,310
"311",17.2801126625705,311
"312",25.2298866969108,312
"313",3.63274556176224,313
"314",31.1910228168749,314
"315",7.36691286488678,315
"316",24.2556620010411,316
"317",14.7668703737618,317
"318",23.3463254237807,318
"319",15.315911652403,319
"320",24.9995584275615,320
"321",27.3954342782803,321
"322",22.1279142442416,322
"323",25.598068618085,323
"324",40.9856032595977,324
"325",11.1194730339085,325
"326",17.5474244617638,326
"327",19.197105210747,327
"328",19.4965755744971,328
"329",4.41346646753503,329
"330",9.26569994587646,330
"331",21.2801401212515,331
"332",19.0133871695221,332
"333",5.57614316774656,333
"334",19.5360451760939,334
"335",3.25645289780395,335
"336",12.2466456395179,336
"337",18.8939368984551,337
"338",22.4436374071392,338
"339",15.5088614717529,339
"340",27.4757276972778,340
"341",33.4166821520338,341
"342",33.0313529338863,342
"343",31.2133534340171,343
"344",25.6095525983877,344
"345",-2.41258909620863,345
"346",15.8144726482021,346
"347",37.6599783479006,347
"348",13.9303317564652,348
"349",37.2826933800075,349
"350",11.527130816586,350
"351",37.4929136503185,351
"352",25.8920886398981,352
"353",32.8990009949447,353
"354",20.8439752083014,354
"355",23.8391693195649,355
"356",23.131600592065,356
"357",19.4069113336275,357
"358",33.6629965859489,358
"359",22.4249842758093,359
"360",17.4724316827583,360
"361",29.6401255179335,361
"362",20.1506893232065,362
"363",23.199900220346,363
"364",7.62696195898124,364
"365",10.2328691578661,365
"366",18.6640227183466,366
"367",14.9287853537304,367
"368",20.6939416362838,368
"369",25.2134117401475,369
"370",26.3334440921065,370
"371",28.973504076798,371
"372",17.964175093626,372
"373",25.7330917159996,373
"374",14.7728880604325,374
"375",9.14940654326942,375
"376",27.7959510415566,376
"377",37.302292257621,377
"378",24.8968379751774,378
"379",20.7246896973227,379
"380",16.4539063143298,380
"381",36.2655799808388,381
"382",27.5712561330157,382
"383",34.318902351655,383
"384",24.1055554701487,384
"385",38.928422980174,385
"386",33.9819411260922,386
"387",56.7365117437629,387
"388",34.1087074750453,388
"389",34.8468198940826,389
"390",39.8309909395637,390
"391",22.1544750350814,391
"392",17.836527785046,392
"393",13.6915579896218,393
"394",8.9170497974378,394
"395",12.5774690003951,395
"396",15.958329186355,396
"397",35.9550638933556,397
"398",17.1336074945141,398
"399",20.1201269216012,399
"400",10.8773142520512,400
"401",16.1361970709162,401
"402",17.4197358817954,402
"403",12.0097706311818,403
"404",16.1734413179586,404
"405",8.92858007493498,405
"406",16.2464438331247,406
"407",24.4762244321037,407
"408",15.0948475725671,408
"409",4.32223457278868,409
"410",5.23367024554235,410
"411",29.4920058107923,411
"412",13.7139161943864,412
"413",24.1562493780418,413
"414",21.3041953348278,414
"415",19.1485822027144,415
"416",7.62510956162689,416
"417",26.5952577105187,417
"418",21.8085270746987,418
"419",35.2462814994132,419
"420",14.2725159121865,420
"421",31.3708248771947,421
"422",26.4368001690203,422
"423",15.9304120329286,423
"424",27.7157234131615,424
"425",18.8080582554459,425
"426",28.8282262169279,426
"427",27.0711635660451,427
"428",22.9164544430205,428
"429",16.9832853741422,429
"430",3.71484321480713,430
"431",18.6065308760765,431
"432",32.0550429983353,432
"433",11.2949051857521,433
"434",15.7558922807192,434
"435",7.98833124678689,435
"436",20.6345347251175,436
"437",7.68653659152466,437
"438",35.4679633863494,438
"439",12.3659151665955,439
"440",21.1830287120579,440
"441",35.0451936128845,441
"442",20.8302850814846,442
"443",29.7508737117416,443
"444",20.8026335453123,444
"445",30.0310799009403,445
"446",17.1580739625061,446
"447",29.1754512072523,447
"448",32.4009675886504,448
"449",32.3578624316993,449
"450",16.9252365235234,450
"451",26.37040176052,451
"452",21.8591970134324,452
"453",24.6196726163714,453
"454",38.2523856640294,454
"455",28.5446290369403,455
"456",4.06111375988679,456
"457",25.8616338117597,457
"458",31.4616206358136,458
"459",36.2047606403383,459
"460",5.82170617341114,460
"461",26.2644804926996,461
"462",21.8461891250105,462
"463",32.0052969401574,463
"464",19.2541572491708,464
"465",25.9174658933834,465
"466",28.7883456732837,466
"467",17.6579241699617,467
"468",17.1300821320509,468
"469",27.1997213473351,469
"470",27.2436781511426,470
"471",15.4088755595832,471
"472",41.1162099415661,472
"473",20.4867636634226,473
"474",16.2244031810734,474
"475",4.82120130733077,475
"476",31.1679329592689,476
"477",24.82860220376,477
"478",16.5182726431202,478
"479",14.0155421118394,479
"480",16.6626756400969,480
"481",35.3310949881746,481
"482",31.3947886326413,482
"483",27.5241462152458,483
"484",25.6542794098061,484
"485",29.3809153933878,485
"486",18.0707453731636,486
"487",32.9428867718468,487
"488",38.7552033469398,488
"489",67.0547243901848,489
"490",26.1202216531058,490
"491",23.0106950007732,491
"492",15.031230534508,492
"493",28.6306052836329,493
"494",14.1715813747869,494
"495",11.8818707736028,495
"496",2.85966230236542,496
"497",10.3845260987521,497
"498",18.586668024038,498
"499",20.6659463923817,499
"500",11.9388701605591,500
"501",7.3610445592537,501
"502",5.5072364071939,502
"503",19.1660796304882,503
"504",9.4032350502415,504
"505",1.60958513408658,505
"506",17.1535733404976,506
"507",5.27461294138441,507
"508",21.1065858978726,508
"509",25.5111034128996,509
"510",7.85158721599609,510
"511",20.1645901915387,511
"512",17.068308486024,512
"513",16.5242553983002,513
"514",42.3118177966546,514
"515",9.97745937081231,515
"516",37.136039243951,516
"517",10.4936229118334,517
"518",34.1544178666332,518
"519",21.9540211677165,519
"520",13.7989814697612,520
"521",18.5545212547843,521
"522",14.0574177757853,522
"523",21.5377490416125,523
"524",19.9494255790109,524
"525",33.6195387761111,525
"526",25.7151919334361,526
"527",19.2788013892016,527
"528",17.6164084458103,528
"529",43.7409477489465,529
"530",31.6969979265537,530
"531",12.7574641220878,531
"532",0.0539324080059291,532
"533",8.40629221072761,533
"534",6.36268935267145,534
"535",6.76166956449236,535
"536",15.1513228661128,536
"537",15.0994955639415,537
"538",14.7035772509793,538
"539",28.9348073260623,539
"540",16.4550412694153,540
"541",20.3655610277397,541
"542",35.063001980817,542
"543",31.5319136427988,543
"544",25.6753993650141,544
"545",16.9376236043592,545
"546",17.908385589109,546
"547",24.5844597006263,547
"548",27.8894822353356,548
"549",33.9964609944202,549
"550",19.3615417353078,550
"551",14.2964648392066,551
"552",21.6093488262092,552
"553",13.2218434557564,553
"554",22.4493410587145,554
"555",19.7402149101003,555
"556",29.8516332252621,556
"557",17.4764457159682,557
"558",22.5651914383851,558
"559",31.4348639552882,559
"560",13.1026972378239,560
"561",26.4281155858419,561
"562",33.5046796023009,562
"563",25.7135156572652,563
"564",-7.26029420586822,564
"565",19.2659439342624,565
"566",29.1800222924639,566
"567",27.0756770645161,567
"568",21.9690531408114,568
"569",32.6629108707566,569
"570",4.96162692853955,570
"571",19.2359071320703,571
"572",25.1845103277573,572
"573",28.6866835686585,573
"574",22.5621184582107,574
"575",21.9926907056089,575
"576",27.4575264145634,576
"577",20.1762609696593,577
"578",27.3405937502886,578
"579",29.5016871508688,579
"580",15.55104609697,580
"581",28.2686463167533,581
"582",35.0183633800642,582
"583",24.3374331134432,583
"584",34.8803109125922,584
"585",16.7078510909858,585
"586",31.3329455100931,586
"587",28.0602370818369,587
"588",35.0710211816164,588
"589",48.1965914512125,589
"590",30.3857596695379,590
"591",21.6916148467357,591
"592",16.2091877909929,592
"593",14.5414346396597,593
"594",18.6034728212407,594
"595",25.2894888264335,595
"596",-2.83739464625316,596
"597",19.8947152647523,597
"598",22.2229652433326,598
"599",28.4159654653267,599
"600",21.4269772264925,600
"601",13.4489107515521,601
"602",18.6471230915219,602
"603",7.35048364138275,603
"604",10.8477556709973,604
"605",-0.747094579882734,605
"606",-2.04330323736827,606
"607",14.3905609350791,607
"608",14.4122841998738,608
"609",18.854498367972,609
"610",6.20668164877275,610
"611",25.0321219542129,611
"612",24.567402965603,612
"613",23.5208237321561,613
"614",22.9708146323695,614
"615",5.5279503125206,615
"616",21.4462906517085,616
"617",28.4346832766741,617
"618",29.5854714022917,618
"619",22.6253914164365,619
"620",27.3257986340379,620
"621",32.3804839838066,621
"622",27.303446690676,622
"623",15.9279030757481,623
"624",33.9467202643585,624
"625",10.0275094692134,625
"626",14.9647003919035,626
"627",17.1334863466114,627
"628",32.7616035266033,628
"629",30.1718126669742,629
"630",26.822953964212,630
"631",18.357900325552,631
"632",24.0759795621296,632
"633",18.1834921805636,633
"634",29.5344230902163,634
"635",15.3792130317702,635
"636",18.4397577661252,636
"637",18.5024489761448,637
"638",27.9783966524204,638
"639",23.1981092915425,639
"640",2.61913094802969,640
"641",21.2295342269313,641
"642",21.0872304134899,642
"643",32.8388335908834,643
"644",21.1511235108822,644
"645",28.1379980909393,645
"646",19.5979480994556,646
"647",17.6216329428168,647
"648",27.656020435954,648
"649",28.9246453164079,649
"650",19.6034758393715,650
"651",20.7569058322685,651
"652",17.1713427290548,652
"653",28.3755028438406,653
"654",22.819483858109,654
"655",15.2689526066046,655
"656",22.4267772425949,656
"657",22.5757200396788,657
"658",10.8421465655724,658
"659",34.9997874710877,659
"660",7.28498954995608,660
"661",20.2844884131438,661
"662",29.8830059919017,662
"663",14.0578125289106,663
"664",13.8315163209997,664
"665",21.2010775752293,665
"666",11.9189126626965,666
"667",26.2526990083851,667
"668",23.6176255768543,668
"669",10.2426861168071,669
"670",17.9092316768367,670
"671",19.5421487328235,671
"672",26.9762874072743,672
"673",8.32993401774058,673
"674",28.1348927468688,674
"675",28.67510212623,675
"676",17.9994330216417,676
"677",18.9773980620213,677
"678",10.8726635193631,678
"679",33.6216489686862,679
"680",29.5529947681702,680
"681",26.3017001812015,681
"682",26.6510846010283,682
"683",28.761404469451,683
"684",36.690988321856,684
"685",23.0745380188831,685
"686",21.4087183383542,686
"687",32.7717092958768,687
"688",34.825054209445,688
"689",39.7443065354841,689
"690",38.7904893022806,690
"691",15.2663305855626,691
"692",25.2616503916727,692
"693",16.4143195721309,693
"694",11.9828927543537,694
"695",26.6664787832181,695
"696",18.0301398927218,696
"697",11.203959463113,697
"698",20.3084569463514,698
"699",6.93866929044717,699
"700",25.9825452459614,700
"701",13.4256628077292,701
"702",14.7194640402317,702
"703",16.9702272776796,703
"704",10.7519719315061,704
"705",-3.08450271905421,705
"706",8.00341103954952,706
"707",25.0011083760801,707
"708",12.019070530747,708
"709",1.63496155245821,709
"710",-7.36705636401121,710
"711",18.9689180944803,711
"712",13.2045595101296,712
"713",11.2384224943623,713
"714",11.3209481049809,714
"715",11.363948607878,715
"716",14.8254335400598,716
"717",17.4682019364025,717
"718",18.8578910798375,718
"719",40.9013080558409,719
"720",15.1642568345844,720
"721",36.7142778801793,721
"722",37.1810024772416,722
"723",27.982765522588,723
"724",14.4611597990563,724
"725",11.3818310463744,725
"726",37.3679483387082,726
"727",12.3547360934776,727
"728",19.4677117932086,728
"729",28.3844559792558,729
"730",27.9777563671345,730
"731",20.6718362910675,731
"732",25.9205849348966,732
"733",12.9820292831423,733
"734",17.0016986455393,734
"735",9.31522363018869,735
"736",9.38862279386573,736
"737",9.39992567293776,737
"738",19.6202975081917,738
"739",41.8485208667849,739
"740",8.35036142278445,740
"741",24.4537535986333,741
"742",21.9299596012959,742
"743",23.0693489562131,743
"744",38.8450748388575,744
"745",7.0334316498181,745
"746",22.5801023701279,746
"747",17.3438558278961,747
"748",13.2292242383731,748
"749",38.9612799502735,749
"750",12.0239886682305,750
"751",21.436706375123,751
"752",13.4720922101826,752
"753",14.3924251324365,753
"754",23.8886196112962,754
"755",10.2047287521271,755
"756",27.8311026183822,756
"757",18.7744674692036,757
"758",16.6620471943259,758
"759",24.7213347239462,759
"760",10.8571555897903,760
"761",14.3531442869442,761
"762",30.340749969631,762
"763",1.50121980981991,763
"764",11.3370211081932,764
"765",20.2355490053116,765
"766",18.0631506892261,766
"767",25.0673354373517,767
"768",28.1924425832266,768
"769",36.6571548242517,769
"770",19.9564400325909,770
"771",25.176492938254,771
"772",31.6789176849784,772
"773",17.7052772024589,773
"774",12.1109911073306,774
"775",6.46173704199009,775
"776",20.1681029219896,776
"777",25.9178457479268,777
"778",16.2437019035656,778
"779",23.8667352941298,779
"780",11.1379950350477,780
"781",36.099940941566,781
"782",31.4308820269445,782
"783",25.7230934890274,783
"784",33.1982948127962,784
"785",35.4535472583961,785
"786",32.8985776585685,786
"787",41.9063224436087,787
"788",44.8991776807337,788
"789",40.84182346646,789
"790",31.4207368242315,790
"791",8.61899625834994,791
"792",24.9279373703426,792
"793",30.9166541143192,793
"794",32.1656395468514,794
"795",10.7594628861434,795
"796",23.2078698454195,796
"797",15.377517535685,797
"798",15.0921343878282,798
"799",30.236011738938,799
"800",7.65016210780931,800
"801",6.96140785508772,801
"802",18.5574075452254,802
"803",2.9243280287559,803
"804",18.6272717231225,804
"805",12.6830985283632,805
"806",5.33309627513705,806
"807",14.8475292377213,807
"808",10.4447066969198,808
"809",14.9839764637351,809
"810",18.4824206351223,810
"811",29.7825207523877,811
"812",19.8332825862114,812
"813",27.2039125255947,813
"814",20.4150684263784,814
"815",19.0954459358366,815
"816",11.1267277009733,816
"817",27.2240452381586,817
"818",7.19023974968631,818
"819",22.8430870397537,819
"820",18.7841942970427,820
"821",28.7287515250938,821
"822",25.8213416708639,822
"823",26.5437664601955,823
"824",20.4278875116366,824
"825",8.28123930866974,825
"826",26.8303793066555,826
"827",19.5934646756836,827
"828",26.3305830206811,828
"829",39.5582334261004,829
"830",28.5330971451169,830
"831",17.1909499852159,831
"832",26.6629036294269,832
"833",6.45824113827301,833
"834",13.9572939314326,834
"835",9.36964652444694,835
"836",24.3081816366689,836
"837",22.7479046685068,837
"838",25.6471987020707,838
"839",20.9838519960547,839
"840",7.73767495788844,840
"841",28.283012156238,841
"842",38.3679421207699,842
"843",34.992316487638,843
"844",43.0626632304583,844
"845",17.4652725931791,845
"846",28.2788608941618,846
"847",32.187003666458,847
"848",34.2570537482554,848
"849",32.6097755579062,849
"850",19.2858676741693,850
"851",28.7251538917668,851
"852",27.6660916179721,852
"853",4.69187424077258,853
"854",12.7295919166531,854
"855",24.4750301011002,855
"856",19.8874080035684,856
"857",10.0610884055066,857
"858",21.1748647634481,858
"859",34.8552385950756,859
"860",13.2343834222279,860
"861",19.2657331052881,861
"862",22.8282031007157,862
"863",18.8013802022383,863
"864",28.7260136163913,864
"865",21.879470897658,865
"866",24.9543635754676,866
"867",16.7228284017146,867
"868",32.7906741572622,868
"869",29.3940130824403,869
"870",32.062068648351,870
"871",10.7758493637494,871
"872",20.1370741223065,872
"873",22.9432743882458,873
"874",13.7882246959795,874
"875",13.2831293859079,875
"876",27.2282583234851,876
"877",11.1085831533471,877
"878",21.5194845565555,878
"879",21.636967288661,879
"880",28.468060482058,880
"881",27.6947672377876,881
"882",29.5063250764623,882
"883",29.8060649918717,883
"884",13.7322752094135,884
"885",37.8836519747608,885
"886",28.4080024111844,886
"887",33.4306160592188,887
"888",36.2577555416185,888
"889",47.096827440692,889
"890",27.9616445446624,890
"891",18.5658940743307,891
"892",8.12813172025797,892
"893",20.7171885098773,893
"894",21.7741729704244,894
"895",4.21261550602826,895
"896",2.63953084272422,896
"897",20.2455154108907,897
"898",26.4855215788689,898
"899",11.3687317101168,899
"900",20.8849344809384,900
"901",11.3173519201671,901
"902",0.826278106070328,902
"903",6.3257340046256,903
"904",4.51443575424512,904
"905",2.06487550266846,905
"906",14.0514962588822,906
"907",14.4718145638303,907
"908",7.70171043034308,908
"909",6.64129227907787,909
"910",8.08610307040539,910
"911",26.1924734610345,911
"912",15.3822086646839,912
"913",27.7157874828533,913
"914",22.1821144497829,914
"915",9.65157670929544,915
"916",11.6088389745962,916
"917",15.322419760428,917
"918",24.7473738922931,918
"919",31.8839687533306,919
"920",11.3577208059165,920
"921",16.0761507867449,921
"922",21.2557459777445,922
"923",24.144924700722,923
"924",18.1275410263626,924
"925",14.0015498358814,925
"926",8.30242808701919,926
"927",27.6247174416401,927
"928",30.1580305482766,928
"929",29.7894294292477,929
"930",23.9901691396373,930
"931",18.9507329601459,931
"932",8.72690010492698,932
"933",24.3588812274353,933
"934",26.0335710692807,934
"935",16.7530687311959,935
"936",17.3819345881368,936
"937",18.0844957005719,937
"938",44.3986101334382,938
"939",8.8854992303308,939
"940",-0.417714178428776,940
"941",22.3458409820753,941
"942",35.0524904092561,942
"943",22.4717690075045,943
"944",33.3416997511455,944
"945",25.4221022834349,945
"946",30.7504957853891,946
"947",22.6068852025863,947
"948",32.4435973016432,948
"949",29.7306772366388,949
"950",28.3266823535919,950
"951",30.4421017966036,951
"952",13.5354464598563,952
"953",23.3073850077588,953
"954",24.4481533806447,954
"955",1.99084791015583,955
"956",30.8471601592641,956
"957",27.6312358488915,957
"958",30.0796993810104,958
"959",26.5296806743462,959
"960",21.2307474915488,960
"961",31.9980846243375,961
"962",31.5672016338325,962
"963",18.7988836456049,963
"964",8.63437720212349,964
"965",-6.20204954582567,965
"966",11.2498696949743,966
"967",36.0161959396086,967
"968",10.1323544185975,968
"969",13.8416751250419,969
"970",14.9127842044481,970
"971",38.4765440395734,971
"972",11.428457431063,972
"973",17.1398504113164,973
"974",26.5702526510723,974
"975",10.4451259890663,975
"976",34.4971249725046,976
"977",23.5896905725596,977
"978",21.6416325186174,978
"979",28.7401638451725,979
"980",37.3373930270306,980
"981",38.2256031215973,981
"982",29.9940236061035,982
"983",33.2083978625448,983
"984",32.7305145500752,984
"985",37.0868243412388,985
"986",24.80146133322,986
"987",36.4343703557037,987
"988",44.4268096374779,988
"989",43.2741468284813,989
"990",28.2001674790678,990
"991",14.5106533893579,991
"992",18.7612952359298,992
"993",22.0056545565273,993
"994",19.3510602267392,994
"995",8.12645560141254,995
"996",13.1835434572142,996
"997",18.6927117965973,997
"998",16.473693237404,998
"999",15.7794433070897,999
"1000",11.6740785442462,1000
"1001",16.4379639219939,1001
"1002",20.9744855105228,1002
"1003",24.8939916564609,1003
"1004",25.5012381218942,1004
"1005",-7.85801785745839,1005
"1006",2.30775140449165,1006
"1007",14.627562319007,1007
"1008",19.1994926213797,1008
"1009",17.6489350599254,1009
"1010",15.6189478543875,1010
"1011",20.2965132169126,1011
"1012",19.4788132348729,1012
"1013",7.79038777439964,1013
"1014",20.0658917900703,1014
"1015",9.02437541213797,1015
"1016",29.556882843244,1016
"1017",36.6992720227669,1017
"1018",15.9786218370069,1018
"1019",12.1378459888148,1019
"1020",8.18160576124166,1020
"1021",15.1948319447574,1021
"1022",32.5178496114796,1022
"1023",13.3937759814568,1023
"1024",4.83025641721075,1024
"1025",20.1174366711099,1025
"1026",40.2735373952158,1026
"1027",23.8280087169657,1027
"1028",20.1033597093977,1028
"1029",25.6421593666817,1029
"1030",14.0901920977903,1030
"1031",6.87936793195853,1031
"1032",15.2016920055948,1032
"1033",18.3304426698688,1033
"1034",23.9208761312593,1034
"1035",16.1573585710898,1035
"1036",29.9323630273735,1036
"1037",28.9126878230922,1037
"1038",18.9035128262081,1038
"1039",18.0887002740222,1039
"1040",7.4572812310475,1040
"1041",34.1737386461071,1041
"1042",30.2267945717573,1042
"1043",15.204524202329,1043
"1044",28.778829756826,1044
"1045",13.7066863998357,1045
"1046",22.5774188429441,1046
"1047",35.937275587934,1047
"1048",38.8532333139885,1048
"1049",30.6542796566111,1049
"1050",16.0780760451827,1050
"1051",32.7358993354946,1051
"1052",8.02568767615846,1052
"1053",18.8568252971243,1053
"1054",20.7022413753944,1054
"1055",17.6832547837644,1055
"1056",16.0496125501452,1056
"1057",19.0262974447089,1057
"1058",25.1371468919066,1058
"1059",27.5491310116117,1059
"1060",14.8602241687374,1060
"1061",25.7518283802964,1061
"1062",16.7251809263333,1062
"1063",25.3581530804198,1063
"1064",20.5902539067399,1064
"1065",5.94406885813762,1065
"1066",15.8928234172196,1066
"1067",16.2461671127964,1067
"1068",26.1473860491401,1068
"1069",20.3008237201684,1069
"1070",33.8786237485567,1070
"1071",20.8253316192702,1071
"1072",23.4825896386121,1072
"1073",35.177524090792,1073
"1074",26.4371774671883,1074
"1075",8.15651246401357,1075
"1076",35.4048696688303,1076
"1077",7.1596716702653,1077
"1078",29.1502715415773,1078
"1079",40.2416440403923,1079
"1080",17.7836051757054,1080
"1081",41.9157299159656,1081
"1082",48.5182391724668,1082
"1083",35.3142495308011,1083
"1084",30.8174458631328,1084
"1085",19.1258604753878,1085
"1086",37.7263485435918,1086
"1087",18.6226509909612,1087
"1088",33.1828637192749,1088
"1089",47.6253887993059,1089
"1090",28.981673160993,1090
"1091",-1.04786978518601,1091
"1092",7.26554985581941,1092
"1093",16.798318458162,1093
"1094",19.6341886148064,1094
"1095",16.7422943885206,1095
"1096",5.36575948545548,1096
"1097",30.9901489215232,1097
"1098",25.4214447759373,1098
"1099",34.4205289028865,1099
"1100",10.9705588445656,1100
"1101",0.491777236087235,1101
"1102",1.27003042005505,1102
"1103",4.28447256494001,1103
"1104",15.2292699343751,1104
"1105",4.06822100399688,1105
"1106",12.0695879234495,1106
"1107",16.5356367204861,1107
"1108",24.2415127732028,1108
"1109",20.6799992943166,1109
"1110",18.0752479966171,1110
"1111",12.12846823344,1111
"1112",17.6732274299952,1112
"1113",25.5426478534234,1113
"1114",24.3990089156538,1114
"1115",3.66818373005213,1115
"1116",17.0736700375604,1116
"1117",31.6931246209143,1117
"1118",16.4504521314774,1118
"1119",21.4990172520821,1119
"1120",16.277206704168,1120
"1121",35.1311782520327,1121
"1122",30.8684525565829,1122
"1123",11.6284643148436,1123
"1124",13.3932020714453,1124
"1125",11.4668045893968,1125
"1126",22.1492510009275,1126
"1127",22.3463200633982,1127
"1128",31.1150186049831,1128
"1129",31.3557136450757,1129
"1130",14.5865127317451,1130
"1131",10.9140105783243,1131
"1132",24.6039477189384,1132
"1133",22.304826300195,1133
"1134",30.4783134412151,1134
"1135",16.7355371678494,1135
"1136",31.5804773649591,1136
"1137",13.0409243362453,1137
"1138",17.215261937467,1138
"1139",30.9857493977339,1139
"1140",21.6912488612163,1140
"1141",12.1395674926405,1141
"1142",19.0563544227283,1142
"1143",24.4209728861537,1143
"1144",27.0660422638688,1144
"1145",21.6904331781246,1145
"1146",21.2221728874381,1146
"1147",32.0110053607193,1147
"1148",27.0496203425011,1148
"1149",25.5065501446137,1149
"1150",11.4054619088994,1150
"1151",20.9541483165615,1151
"1152",32.3809012657439,1152
"1153",28.1726057811677,1153
"1154",1.56686444888465,1154
"1155",18.6306042163067,1155
"1156",22.4373764782634,1156
"1157",18.9769039249669,1157
"1158",24.3686820401297,1158
"1159",34.8142927154238,1159
"1160",9.27572460603275,1160
"1161",27.6728047772677,1161
"1162",23.4138715188769,1162
"1163",36.5837596764594,1163
"1164",20.0051153589592,1164
"1165",3.73520822351818,1165
"1166",27.0649222676888,1166
"1167",13.486821662612,1167
"1168",19.3857680184381,1168
"1169",24.2803594290087,1169
"1170",22.554954476217,1170
"1171",36.3073314545851,1171
"1172",35.9664688893529,1172
"1173",23.1744945854412,1173
"1174",36.6762639621073,1174
"1175",19.7302817444644,1175
"1176",1.54003731013702,1176
"1177",18.7514170051922,1177
"1178",32.3653213185278,1178
"1179",23.0972978319902,1179
"1180",19.1694788579142,1180
"1181",26.3492797567949,1181
"1182",37.1748587533097,1182
"1183",38.5612450484259,1183
"1184",12.1312401845274,1184
"1185",34.8153763118469,1185
"1186",32.1710946328622,1186
"1187",38.8670755524687,1187
"1188",24.2136317581615,1188
"1189",26.5982832700534,1189
"1190",22.0450342771768,1190
"1191",19.6408789093609,1191
"1192",18.3833993341017,1192
"1193",20.7168699812035,1193
"1194",19.5225285436671,1194
"1195",13.9625841569604,1195
"1196",24.5486631482561,1196
"1197",10.1253813975887,1197
"1198",25.8725030366255,1198
"1199",26.4861811007674,1199
"1200",17.8465143579925,1200
"1201",18.0852799780707,1201
"1202",3.84843567711828,1202
"1203",15.1816189982001,1203
"1204",6.45488663456883,1204
"1205",-3.37416802027819,1205
"1206",12.6360473840013,1206
"1207",14.8842352007426,1207
"1208",13.9459824286853,1208
"1209",22.9378438441887,1209
"1210",11.9981024441275,1210
"1211",19.1489091209223,1211
"1212",23.2511592461743,1212
"1213",26.4824366937374,1213
"1214",-0.714456267915057,1214
"1215",11.1265830275728,1215
"1216",0.254160357591721,1216
"1217",9.28097196034365,1217
"1218",33.0438185176772,1218
"1219",38.7945863091895,1219
"1220",21.6278175228955,1220
"1221",20.3135886194563,1221
"1222",23.0267625275558,1222
"1223",6.81394746429515,1223
"1224",14.9611760535588,1224
"1225",15.364390103935,1225
"1226",32.396382283102,1226
"1227",23.3582249803004,1227
"1228",36.647820572074,1228
"1229",32.0444824272936,1229
"1230",24.3454873875843,1230
"1231",16.3841539611649,1231
"1232",15.2158554769349,1232
"1233",28.8329952897722,1233
"1234",27.8102725722786,1234
"1235",11.1346756632544,1235
"1236",21.7988625317834,1236
"1237",14.5975104419543,1237
"1238",19.8219031247889,1238
"1239",30.5571604257184,1239
"1240",25.3203806814765,1240
"1241",32.9531350686923,1241
"1242",20.6357396898219,1242
"1243",22.2276045975882,1243
"1244",16.4375925228192,1244
"1245",23.1833338013006,1245
"1246",21.7027164543794,1246
"1247",27.8694462765419,1247
"1248",44.9928094796536,1248
"1249",31.4209463255705,1249
"1250",28.0251669195785,1250
"1251",27.1056731487086,1251
"1252",22.7885871720878,1252
"1253",26.9162843953495,1253
"1254",7.11245207665933,1254
"1255",15.5635742974382,1255
"1256",18.3117083069859,1256
"1257",15.9685800090879,1257
"1258",18.3043511625534,1258
"1259",27.0029591661112,1259
"1260",24.8251098652162,1260
"1261",20.1405462811137,1261
"1262",21.8172651059875,1262
"1263",26.4755724805502,1263
"1264",27.5811760998147,1264
"1265",9.77170706414321,1265
"1266",34.230187971389,1266
"1267",10.4758358903966,1267
"1268",28.5825830306555,1268
"1269",32.5411485397238,1269
"1270",23.483752419321,1270
"1271",38.8031224381996,1271
"1272",16.499810242348,1272
"1273",25.8011855071463,1273
"1274",34.012397446836,1274
"1275",18.6081849795762,1275
"1276",22.8122278671654,1276
"1277",24.3754308507511,1277
"1278",20.9062580593712,1278
"1279",12.0952644964967,1279
"1280",17.3288448644169,1280
"1281",33.4727778927304,1281
"1282",30.2127450420802,1282
"1283",26.9760283502433,1283
"1284",22.6475457496032,1284
"1285",19.1813400565653,1285
"1286",34.8151958740483,1286
"1287",36.5275728684893,1287
"1288",31.2232105817381,1288
"1289",29.6342006676891,1289
"1290",22.0101618584994,1290
"1291",29.9073139377052,1291
"1292",25.8123028839135,1292
"1293",14.5666141296817,1293
"1294",15.3945547739212,1294
"1295",30.5080155008621,1295
"1296",28.2416689193137,1296
"1297",29.6689790227098,1297
"1298",11.593067173367,1298
"1299",16.6974618437898,1299
"1300",21.2993683242145,1300
"1301",5.36694409746909,1301
"1302",28.4232108987394,1302
"1303",8.49336553648841,1303
"1304",20.0793394054846,1304
"1305",0.522783346136037,1305
"1306",24.9027782196342,1306
"1307",15.5231063610113,1307
"1308",13.9958892289789,1308
"1309",19.277269821002,1309
"1310",2.94108143635038,1310
"1311",26.4326630865596,1311
"1312",27.2419838910143,1312
"1313",9.67249123785817,1313
"1314",18.6625956095916,1314
"1315",6.74867845649052,1315
"1316",23.2452101064146,1316
"1317",23.2050023506883,1317
"1318",15.7465480396767,1318
"1319",15.3649057280532,1319
"1320",19.8550320945424,1320
"1321",27.9949893189817,1321
"1322",21.5507617788073,1322
"1323",24.76833005652,1323
"1324",17.2749668882712,1324
"1325",15.497651046842,1325
"1326",8.76178558263012,1326
"1327",28.6902477344967,1327
"1328",15.7100184211894,1328
"1329",28.2063065567615,1329
"1330",28.0930021329502,1330
"1331",24.169942443289,1331
"1332",18.3656493609477,1332
"1333",18.5915433136785,1333
"1334",26.5457416942059,1334
"1335",28.7675251022705,1335
"1336",16.4639761999296,1336
"1337",24.738321312284,1337
"1338",25.1641514743168,1338
"1339",24.9764663113303,1339
"1340",12.6779991092532,1340
"1341",25.1164631272848,1341
"1342",34.9798731814313,1342
"1343",5.56407585170144,1343
"1344",36.4628107861971,1344
"1345",19.5824079017785,1345
"1346",12.8134326103154,1346
"1347",4.39753012769071,1347
"1348",38.2158477106757,1348
"1349",39.4463179457707,1349
"1350",15.5164529028328,1350
"1351",17.4793639100054,1351
"1352",7.60205386332418,1352
"1353",19.00060612484,1353
"1354",31.8586110466993,1354
"1355",5.10969701029641,1355
"1356",18.4875285806631,1356
"1357",27.1831583623494,1357
"1358",34.0486204043524,1358
"1359",32.5089989962716,1359
"1360",26.9047866893422,1360
"1361",15.8983453062883,1361
"1362",25.6293670339452,1362
"1363",25.1839348450899,1363
"1364",21.2280833428821,1364
"1365",27.7367334654095,1365
"1366",18.9281950878011,1366
"1367",21.075500483157,1367
"1368",26.9447432106334,1368
"1369",19.315688676205,1369
"1370",19.4563051413019,1370
"1371",26.2779722951668,1371
"1372",30.525976738846,1372
"1373",14.4702932016604,1373
"1374",17.3879652015748,1374
"1375",31.2927346923861,1375
"1376",26.6250906701243,1376
"1377",15.4412427037067,1377
"1378",24.900913343611,1378
"1379",18.7622425239745,1379
"1380",10.8634323957884,1380
"1381",32.3231809440859,1381
"1382",38.5212666684857,1382
"1383",25.4752381090403,1383
"1384",41.845998678248,1384
"1385",21.8629219491411,1385
"1386",23.9375848874372,1386
"1387",38.009243423701,1387
"1388",42.3855253631259,1388
"1389",29.4640252868984,1389
"1390",26.5828020778735,1390
"1391",5.24323312031235,1391
"1392",15.713098947644,1392
"1393",25.4863402421519,1393
"1394",14.1615057165947,1394
"1395",12.1210590963652,1395
"1396",23.5780451752048,1396
"1397",19.3320179916021,1397
"1398",21.9618622078459,1398
"1399",5.91820051819295,1399
"1400",4.16301188543806,1400
"1401",7.61615027604125,1401
"1402",15.20715240963,1402
"1403",10.8768084422756,1403
"1404",10.4572139730297,1404
"1405",4.68441481211884,1405
"1406",8.78688214292586,1406
"1407",5.98245353301736,1407
"1408",14.7302876625447,1408
"1409",3.71256215422163,1409
"1410",11.3921721960486,1410
"1411",23.452950490998,1411
"1412",22.54193248077,1412
"1413",29.624847471948,1413
"1414",6.95638023807925,1414
"1415",21.6192042063988,1415
"1416",19.3581459654253,1416
"1417",16.114513847418,1417
"1418",16.0614909464743,1418
"1419",25.8586507213769,1419
"1420",12.6374059190427,1420
"1421",11.0186349557686,1421
"1422",28.5473841893094,1422
"1423",2.44871145100793,1423
"1424",25.418243838356,1424
"1425",12.3474870173242,1425
"1426",16.9125696843467,1426
"1427",27.9051442941382,1427
"1428",24.0489899356326,1428
"1429",9.7694225420734,1429
"1430",13.7653869839155,1430
"1431",24.9380750268099,1431
"1432",17.2358063729689,1432
"1433",32.3690793777107,1433
"1434",21.4214351429776,1434
"1435",11.1751453484909,1435
"1436",19.8293100233432,1436
"1437",26.7077594708591,1437
"1438",12.8318333987222,1438
"1439",37.571640256414,1439
"1440",10.5393177991333,1440
"1441",19.0788532971161,1441
"1442",29.7482771208368,1442
"1443",19.1193297852701,1443
"1444",27.3121470360458,1444
"1445",12.91676522095,1445
"1446",33.3960236386759,1446
"1447",35.6284449477928,1447
"1448",29.5411979207392,1448
"1449",21.4743190494318,1449
"1450",20.4468379434887,1450
"1451",18.0166172105773,1451
"1452",13.5411072591639,1452
"1453",32.4462984157103,1453
"1454",15.7964417455382,1454
"1455",10.4094793911853,1455
"1456",24.2284089311205,1456
"1457",27.1609513877505,1457
"1458",34.4413602739876,1458
"1459",26.0899682496382,1459
"1460",14.5682669179674,1460
"1461",18.944932141755,1461
"1462",31.2871408140428,1462
"1463",15.4630422415949,1463
"1464",21.3523762334631,1464
"1465",37.9589218015832,1465
"1466",22.5893037944804,1466
"1467",14.4128153655801,1467
"1468",18.7759436845325,1468
"1469",29.9417291647428,1469
"1470",9.93053400657175,1470
"1471",36.4858768895047,1471
"1472",17.5577362261737,1472
"1473",18.1546322332392,1473
"1474",25.5918878978521,1474
"1475",16.4180052522579,1475
"1476",18.7873995063067,1476
"1477",23.8150941514418,1477
"1478",27.2749734200074,1478
"1479",33.5182865455667,1479
"1480",9.83141450080988,1480
"1481",32.6920529291274,1481
"1482",36.9912499596104,1482
"1483",45.7226197505497,1483
"1484",36.8443184498368,1484
"1485",33.8393331003549,1485
"1486",34.7395406234408,1486
"1487",26.9197447916959,1487
"1488",44.6774969305876,1488
"1489",42.7476589738481,1489
"1490",21.6971416891163,1490
"1491",22.0994345074949,1491
"1492",20.4715579749176,1492
"1493",32.4395877001158,1493
"1494",4.9944516941122,1494
"1495",1.60525607103572,1495
"1496",16.0829231330065,1496
"1497",19.7230623573531,1497
"1498",17.7764263109299,1498
"1499",16.2349114696753,1499
"1500",12.2558004207598,1500
"1501",16.4461088528558,1501
"1502",25.0585012794758,1502
"1503",7.87348329447895,1503
"1504",13.085947405519,1504
"1505",7.6252668284769,1505
"1506",10.7431770267556,1506
"1507",11.6011219259886,1507
"1508",9.94733523660524,1508
"1509",17.6920606980065,1509
"1510",13.8372125160077,1510
"1511",26.2300624791702,1511
"1512",34.2598125727891,1512
"1513",28.9087324340597,1513
"1514",23.4753625312579,1514
"1515",6.01698218748075,1515
"1516",12.2844770481671,1516
"1517",23.4700081145719,1517
"1518",36.3708373038341,1518
"1519",20.4536332320079,1519
"1520",6.08690762489976,1520
"1521",36.0860901289587,1521
"1522",26.3831486889989,1522
"1523",15.3933239041461,1523
"1524",24.1876758327772,1524
"1525",7.13267765922137,1525
"1526",22.0043036553219,1526
"1527",31.7915449532005,1527
"1528",26.8200971132851,1528
"1529",26.4662071188221,1529
"1530",19.4981544454411,1530
"1531",13.0301849182284,1531
"1532",16.5854818067036,1532
"1533",18.0607562403883,1533
"1534",22.9021983161147,1534
"1535",16.2792659676238,1535
"1536",6.9457935168858,1536
"1537",25.0254732313571,1537
"1538",30.0276877737952,1538
"1539",16.2100447959671,1539
"1540",11.9890609552743,1540
"1541",24.693821700515,1541
"1542",18.4060868301671,1542
"1543",11.1052956609056,1543
"1544",29.9992724595116,1544
"1545",32.9567909393441,1545
"1546",32.9663000181684,1546
"1547",14.7120182711048,1547
"1548",30.5112586499653,1548
"1549",31.7296047710323,1549
"1550",22.3183276298681,1550
"1551",9.60592900115763,1551
"1552",25.2085073530083,1552
"1553",12.044467968341,1553
"1554",39.414565092033,1554
"1555",19.3119030529729,1555
"1556",23.0607278066347,1556
"1557",33.606773012344,1557
"1558",27.6943470617756,1558
"1559",27.5749358225438,1559
"1560",20.5912111360327,1560
"1561",27.0677333067906,1561
"1562",11.8056336259064,1562
"1563",22.499409478524,1563
"1564",37.2304286633055,1564
"1565",1.34595823975794,1565
"1566",8.82425878216295,1566
"1567",31.2310540454743,1567
"1568",30.8513196327602,1568
"1569",34.7973489422408,1569
"1570",17.2320054460752,1570
"1571",20.4953380099383,1571
"1572",32.4958027933938,1572
"1573",25.5085606632462,1573
"1574",31.3403885755333,1574
"1575",15.8280824142897,1575
"1576",17.3727802434475,1576
"1577",25.5165667389696,1577
"1578",18.3987291659579,1578
"1579",19.0930805695532,1579
"1580",25.6069007651438,1580
"1581",31.8348094490778,1581
"1582",40.1842310504554,1582
"1583",24.5167980582467,1583
"1584",39.9691275373452,1584
"1585",15.6648966305062,1585
"1586",42.9865422840614,1586
"1587",41.5229006224927,1587
"1588",32.1704896489842,1588
"1589",22.4232985598738,1589
"1590",20.1238336546227,1590
"1591",12.6125633881738,1591
"1592",22.5645358896974,1592
"1593",21.4968822693403,1593
"1594",16.5287226990986,1594
"1595",5.89388251675411,1595
"1596",32.8435285535768,1596
"1597",12.0941670587135,1597
"1598",29.441317113765,1598
"1599",21.6661185015009,1599
"1600",14.3099978333594,1600
"1601",0.853609777369694,1601
"1602",13.4233723350341,1602
"1603",12.7066885133271,1603
"1604",22.7969172574895,1604
"1605",3.65079063358495,1605
"1606",15.030936644476,1606
"1607",8.21324098005116,1607
"1608",17.2821900446999,1608
"1609",16.3668092719251,1609
"1610",4.87610882491732,1610
"1611",22.8566890738214,1611
"1612",13.8884493681652,1612
"1613",37.3380960265474,1613
"1614",14.4072813409096,1614
"1615",14.342524706709,1615
"1616",20.8196571542293,1616
"1617",29.9836178851874,1617
"1618",25.3345593715274,1618
"1619",14.9358940879577,1619
"1620",9.00859128260714,1620
"1621",19.7440392092482,1621
"1622",19.9389033460005,1622
"1623",15.0158890705288,1623
"1624",27.7140335958364,1624
"1625",23.5249616807431,1625
"1626",10.7321502959402,1626
"1627",21.8287587061988,1627
"1628",27.3357280402953,1628
"1629",32.8238926544257,1629
"1630",32.5280053851951,1630
"1631",18.6920998656989,1631
"1632",25.0654920532802,1632
"1633",16.7352958220415,1633
"1634",14.1506236745842,1634
"1635",17.3891902751545,1635
"1636",29.2390596140707,1636
"1637",22.5965449213543,1637
"1638",31.8790146546255,1638
"1639",26.6091633842422,1639
"1640",20.4938362537582,1640
"1641",20.4097617856752,1641
"1642",42.6717949236571,1642
"1643",34.7769747283514,1643
"1644",41.8644283970457,1644
"1645",19.0111777502633,1645
"1646",30.687851107004,1646
"1647",13.0200584349221,1647
"1648",26.7635257961331,1648
"1649",30.4782495537942,1649
"1650",30.8313037830688,1650
"1651",16.7315763733986,1651
"1652",22.5780613065306,1652
"1653",12.5127855245014,1653
"1654",20.0608624215338,1654
"1655",11.5731992042437,1655
"1656",11.0273836644289,1656
"1657",7.42471964303759,1657
"1658",31.1614489263175,1658
"1659",13.9517865835192,1659
"1660",37.9371197258441,1660
"1661",15.9988842985833,1661
"1662",33.6412647028195,1662
"1663",22.6830070214442,1663
"1664",21.6198479609718,1664
"1665",16.1803770905393,1665
"1666",30.8918276461347,1666
"1667",21.6015111748316,1667
"1668",6.19984720076831,1668
"1669",25.5242680458925,1669
"1670",18.8893817341772,1670
"1671",25.2519713615584,1671
"1672",22.4872371011696,1672
"1673",33.9271282346187,1673
"1674",34.4038972582177,1674
"1675",12.8045870364762,1675
"1676",14.7346520002406,1676
"1677",17.3934543101155,1677
"1678",19.9430529824146,1678
"1679",30.3237824259508,1679
"1680",24.0882721541666,1680
"1681",34.4267412674132,1681
"1682",33.120997431596,1682
"1683",26.2144259720566,1683
"1684",33.3963814514786,1684
"1685",26.9446596331894,1685
"1686",34.2568367725458,1686
"1687",34.3763119945375,1687
"1688",34.74124729332,1688
"1689",42.3329505929921,1689
"1690",26.1829951229235,1690
"1691",23.7242064050558,1691
"1692",28.3156727651254,1692
"1693",25.7274867836212,1693
"1694",22.823892415373,1694
"1695",12.7323569578969,1695
"1696",14.8333667812094,1696
"1697",10.2485533187569,1697
"1698",25.1951099610055,1698
"1699",36.1583669031102,1699
"1700",2.51161404425161,1700
"1701",10.2011496405283,1701
"1702",9.23019352499352,1702
"1703",7.77446221992208,1703
"1704",19.3724693608364,1704
"1705",-3.72770529040353,1705
"1706",14.544786253124,1706
"1707",4.66482235958178,1707
"1708",14.7165317166819,1708
"1709",-2.58042625514373,1709
"1710",11.8615520982404,1710
"1711",29.5814598814422,1711
"1712",25.6887475512342,1712
"1713",22.7826831248319,1713
"1714",28.4965711454687,1714
"1715",2.30304749929513,1715
"1716",17.9807300720635,1716
"1717",14.3017629233255,1717
"1718",25.3439695843503,1718
"1719",22.4950606437052,1719
"1720",19.7961546905025,1720
"1721",17.7360294840286,1721
"1722",20.9549163823978,1722
"1723",29.5474041611922,1723
"1724",27.1163623804049,1724
"1725",-1.98678346910724,1725
"1726",18.1285564147361,1726
"1727",19.7213918720511,1727
"1728",11.8440786738304,1728
"1729",19.9448268628713,1729
"1730",20.4546557269884,1730
"1731",13.8482265714171,1731
"1732",33.2907753636021,1732
"1733",19.4904291070794,1733
"1734",7.93425344977786,1734
"1735",11.5222639517515,1735
"1736",11.2646614315609,1736
"1737",10.3698769524018,1737
"1738",24.1380064270386,1738
"1739",30.8654424114438,1739
"1740",5.29679870958375,1740
"1741",30.0745568647188,1741
"1742",39.8077728744522,1742
"1743",12.0291933689875,1743
"1744",23.8937230406349,1744
"1745",21.1058818872305,1745
"1746",20.6534338694351,1746
"1747",16.4125184803957,1747
"1748",18.8083887810176,1748
"1749",33.6358964984704,1749
"1750",20.6356629153171,1750
"1751",13.264263589019,1751
"1752",19.7206357055678,1752
"1753",15.3184875643448,1753
"1754",16.5004396293283,1754
"1755",28.1292353821331,1755
"1756",16.5565130498229,1756
"1757",15.2217533601488,1757
"1758",17.7735924179728,1758
"1759",7.14439804315039,1759
"1760",18.0457478504739,1760
"1761",22.7450465783624,1761
"1762",29.2918788511996,1762
"1763",12.3745107062902,1763
"1764",21.5897649487347,1764
"1765",6.93372593481049,1765
"1766",9.95605270338885,1766
"1767",27.642945489522,1767
"1768",23.3574483399713,1768
"1769",30.5760021218795,1769
"1770",23.4134341450179,1770
"1771",25.1363914521111,1771
"1772",22.5750067842323,1772
"1773",27.7317017153091,1773
"1774",32.1082282175487,1774
"1775",27.3767571912569,1775
"1776",23.6552273586095,1776
"1777",37.3016199692476,1777
"1778",29.6783024230319,1778
"1779",16.8171319237429,1779
"1780",5.25009045162977,1780
"1781",30.8523145494447,1781
"1782",43.5325237206188,1782
"1783",47.7192128879107,1783
"1784",34.0395150372759,1784
"1785",34.3477136945927,1785
"1786",28.4899173301776,1786
"1787",50.4426760437508,1787
"1788",35.6267006008835,1788
"1789",25.5042340168711,1789
"1790",26.605345243824,1790
"1791",9.64149186401965,1791
"1792",15.1023036895314,1792
"1793",17.6632262214599,1793
"1794",-3.94830651350347,1794
"1795",11.0732905154537,1795
"1796",19.7890855392011,1796
"1797",22.4580402439805,1797
"1798",16.2317240647857,1798
"1799",14.6068931388435,1799
"1800",6.06609574584708,1800
"1801",19.45764782288,1801
"1802",15.6359027595796,1802
"1803",22.1637751461642,1803
"1804",-1.01116477806849,1804
"1805",9.69574930779361,1805
"1806",9.13726048903569,1806
"1807",-0.882438474424079,1807
"1808",9.74757902518298,1808
"1809",9.67915927494807,1809
"1810",10.4267049344422,1810
"1811",15.7972944290339,1811
"1812",21.1559669334796,1812
"1813",26.942832073182,1813
"1814",9.86962662288011,1814
"1815",3.94562109162974,1815
"1816",23.4530631317665,1816
"1817",18.6558940237059,1817
"1818",25.0957558263947,1818
"1819",22.5745925979109,1819
"1820",10.6899920840188,1820
"1821",19.7429667856655,1821
"1822",22.2514796347248,1822
"1823",29.7444521288023,1823
"1824",18.5818678846042,1824
"1825",13.1918534249996,1825
"1826",28.9462695384339,1826
"1827",17.5278874701644,1827
"1828",37.8490039270449,1828
"1829",22.3874088370493,1829
"1830",25.6637564716954,1830
"1831",28.5808391491424,1831
"1832",10.5301221730606,1832
"1833",23.5877144687675,1833
"1834",16.8847079348788,1834
"1835",13.2738853042286,1835
"1836",3.75423357327697,1836
"1837",24.5992420009675,1837
"1838",25.3170725425351,1838
"1839",22.2245204400336,1839
"1840",12.2778550987028,1840
"1841",20.6108830763806,1841
"1842",24.3806667170592,1842
"1843",33.7676449068934,1843
"1844",16.9682041454235,1844
"1845",8.75852265325502,1845
"1846",36.6478196215126,1846
"1847",30.6614317486785,1847
"1848",32.0247733992178,1848
"1849",45.8497251260685,1849
"1850",32.6410353895684,1850
"1851",20.9369393006643,1851
"1852",19.1684956681087,1852
"1853",24.8306346662779,1853
"1854",23.9475772324503,1854
"1855",21.5296880192437,1855
"1856",12.9438551174651,1856
"1857",27.3362747968024,1857
"1858",19.5142822018727,1858
"1859",30.2946899077447,1859
"1860",15.4556297885287,1860
"1861",17.8241755347486,1861
"1862",20.2713001713527,1862
"1863",13.9171534653014,1863
"1864",34.6722363577934,1864
"1865",13.8845560833001,1865
"1866",20.8066942316457,1866
"1867",17.4365006989061,1867
"1868",30.0621881096113,1868
"1869",21.2105293617187,1869
"1870",12.0997648143943,1870
"1871",14.0395721530691,1871
"1872",13.554352521164,1872
"1873",13.5559748592624,1873
"1874",27.0796452413194,1874
"1875",21.5006193647091,1875
"1876",33.6591587374016,1876
"1877",30.8530641023006,1877
"1878",16.7725099106748,1878
"1879",27.7075749438384,1879
"1880",7.62926526688866,1880
"1881",45.266653559392,1881
"1882",33.0633987534867,1882
"1883",34.8445750213306,1883
"1884",43.4777052455564,1884
"1885",26.4099674824291,1885
"1886",21.2884542093107,1886
"1887",44.6797550865308,1887
"1888",43.2513033976297,1888
"1889",29.2383732968161,1889
"1890",30.7287192919329,1890
"1891",20.195317695297,1891
"1892",5.5821562569246,1892
"1893",12.5866550023262,1893
"1894",20.0250819278478,1894
"1895",8.60572697599781,1895
"1896",6.61392090213696,1896
"1897",27.3604180611486,1897
"1898",17.7181122732461,1898
"1899",24.0089449022279,1899
"1900",13.8265688902591,1900
"1901",20.7768486282915,1901
"1902",0.763549381144508,1902
"1903",6.83880951211665,1903
"1904",7.30717398324401,1904
"1905",-2.27147213776467,1905
"1906",14.1920371079126,1906
"1907",17.4398269271292,1907
"1908",18.2656420636783,1908
"1909",5.76729699149517,1909
"1910",1.32575496381312,1910
"1911",20.8369533584095,1911
"1912",37.8796698699118,1912
"1913",21.9653016372318,1913
"1914",18.5954151330426,1914
"1915",13.460756576801,1915
"1916",18.965588558546,1916
"1917",23.7703501447879,1917
"1918",18.5828955364825,1918
"1919",14.5443287415079,1919
"1920",15.6871118805829,1920
"1921",22.622261466497,1921
"1922",20.9671406246731,1922
"1923",28.6602123600689,1923
"1924",15.3392591206338,1924
"1925",37.960043400444,1925
"1926",12.5276002420019,1926
"1927",21.7036159751269,1927
"1928",15.9492172612264,1928
"1929",29.0338999002558,1929
"1930",22.5933421316873,1930
"1931",23.5033230078626,1931
"1932",18.7985747469503,1932
"1933",19.0222650051233,1933
"1934",15.3077482793654,1934
"1935",3.90367928659441,1935
"1936",22.2210353452033,1936
"1937",25.3840809849334,1937
"1938",26.7311490247222,1938
"1939",21.338725953083,1939
"1940",30.3575795343097,1940
"1941",32.2085026350359,1941
"1942",14.6114957842068,1942
"1943",19.5890784905191,1943
"1944",22.1432143947981,1944
"1945",19.8598941758085,1945
"1946",23.0165770549935,1946
"1947",20.6339239529282,1947
"1948",23.1457495698633,1948
"1949",23.6290168420359,1949
"1950",18.1992612101591,1950
"1951",22.6844806205691,1951
"1952",22.6330202518726,1952
"1953",35.6347507055368,1953
"1954",27.161035780697,1954
"1955",9.09133924053532,1955
"1956",29.0918905507925,1956
"1957",24.8653584867172,1957
"1958",29.6121000402957,1958
"1959",42.0510676613938,1959
"1960",14.8014606546144,1960
"1961",27.4464657081244,1961
"1962",27.9861872388481,1962
"1963",26.157306313537,1963
"1964",24.1439294675731,1964
"1965",5.0453347657188,1965
"1966",12.7899891205558,1966
"1967",25.6339095792791,1967
"1968",30.3908086196355,1968
"1969",25.6229432395996,1969
"1970",15.2548148585984,1970
"1971",28.9471137014526,1971
"1972",27.087545056775,1972
"1973",10.5313101846829,1973
"1974",36.2049662172969,1974
"1975",22.7388478738734,1975
"1976",23.5818474258577,1976
"1977",7.43371154751782,1977
"1978",20.1243967712617,1978
"1979",24.9566637202099,1979
"1980",22.0086504414081,1980
"1981",34.6964064069925,1981
"1982",23.7011062086358,1982
"1983",18.0820173977876,1983
"1984",32.8383317788993,1984
"1985",33.7858356511067,1985
"1986",33.7771054225925,1986
"1987",28.5325286136078,1987
"1988",39.71895138017,1988
"1989",41.442888230067,1989
"1990",24.1229404425464,1990
"1991",37.3337644525363,1991
"1992",34.3929789560254,1992
"1993",17.7169820430209,1993
"1994",16.9280222902935,1994
"1995",14.5699699117663,1995
"1996",27.3271127337806,1996
"1997",18.0447696485305,1997
"1998",13.9554897967568,1998
"1999",15.623443592794,1999
"2000",8.05678805249489,2000
"2001",27.3264984158551,2001
"2002",14.4573668496106,2002
"2003",0.23511293621117,2003
"2004",16.2195422721208,2004
"2005",1.20172423090887,2005
"2006",9.24383734198283,2006
"2007",18.5727990585966,2007
"2008",6.98752532087202,2008
"2009",12.7382761281128,2009
"2010",5.86777543646642,2010
"2011",35.4057377840408,2011
"2012",20.0382658979318,2012
"2013",34.0598745535513,2013
"2014",19.6301012707616,2014
"2015",23.3837322375339,2015
"2016",14.8163833404139,2016
"2017",7.0809411012874,2017
"2018",15.0006784269621,2018
"2019",28.6957947710977,2019
"2020",14.1485324659848,2020
"2021",26.5127970113697,2021
"2022",21.3414273576997,2022
"2023",31.7495038336447,2023
"2024",13.4130036144288,2024
"2025",3.8788572924286,2025
"2026",33.7199844261415,2026
"2027",22.5849662446098,2027
"2028",28.5972078098037,2028
"2029",33.7304759300622,2029
"2030",7.71414931917233,2030
"2031",21.7655695939479,2031
"2032",16.4654613740647,2032
"2033",25.848494959322,2033
"2034",27.6388993936562,2034
"2035",4.29285920115833,2035
"2036",12.6970196355762,2036
"2037",25.017050770032,2037
"2038",15.2814842143825,2038
"2039",30.2139459051738,2039
"2040",0.512181175874879,2040
"2041",18.6518652755563,2041
"2042",17.224299863556,2042
"2043",28.9278026974219,2043
"2044",28.6997594667909,2044
"2045",22.1340139134429,2045
"2046",48.6155385580684,2046
"2047",24.1645927143518,2047
"2048",46.1318611069027,2048
"2049",40.4994918858298,2049
"2050",7.37272841317199,2050
"2051",22.0216415453671,2051
"2052",18.7556203321387,2052
"2053",19.9820602637664,2053
"2054",12.2885312836125,2054
"2055",7.29814318830409,2055
"2056",20.7719856445476,2056
"2057",18.0790806918034,2057
"2058",31.7740679848132,2058
"2059",12.3025601048007,2059
"2060",10.0666152015647,2060
"2061",29.2845376150905,2061
"2062",14.8215593303445,2062
"2063",23.0024256909074,2063
"2064",22.2726235139719,2064
"2065",31.1351149365199,2065
"2066",31.1475008593464,2066
"2067",16.7810096664168,2067
"2068",5.13704811850827,2068
"2069",19.5930770650001,2069
"2070",22.4578622334252,2070
"2071",28.0964980015424,2071
"2072",29.8866745235463,2072
"2073",21.6014813770876,2073
"2074",16.6499570452744,2074
"2075",5.31035466963883,2075
"2076",26.5702458938433,2076
"2077",24.5865657293918,2077
"2078",35.1001849973364,2078
"2079",35.2038089331632,2079
"2080",21.0354537475963,2080
"2081",40.323017702767,2081
"2082",22.0291982018137,2082
"2083",19.6202108561271,2083
"2084",31.010646712568,2084
"2085",23.5112588660909,2085
"2086",24.9617245423259,2086
"2087",23.7508430768131,2087
"2088",34.7663250335153,2088
"2089",15.7840421521348,2089
"2090",34.1941856974206,2090
"2091",16.716603239065,2091
"2092",23.3935973000546,2092
"2093",10.7097594283005,2093
"2094",25.6414694023584,2094
"2095",16.2592861220773,2095
"2096",10.9636274021427,2096
"2097",29.7247036783033,2097
"2098",20.4063670693802,2098
"2099",17.3290301341645,2099
"2100",0.996882988411238,2100
"2101",9.69454852881085,2101
"2102",6.14086376758085,2102
"2103",15.8319296655691,2103
"2104",16.1471066213705,2104
"2105",-5.10038400145445,2105
"2106",11.4199880423762,2106
"2107",-4.56930439954288,2107
"2108",10.9032051580956,2108
"2109",25.5335959884292,2109
"2110",4.55921489999659,2110
"2111",13.7223379926441,2111
"2112",9.54293617187143,2112
"2113",12.3840836879725,2113
"2114",7.17982464982892,2114
"2115",5.08993897078834,2115
"2116",40.7387311527453,2116
"2117",15.9313011375722,2117
"2118",24.5039295656995,2118
"2119",19.709415456304,2119
"2120",27.63183888782,2120
"2121",15.5521566316173,2121
"2122",31.3300788574373,2122
"2123",34.7074459829921,2123
"2124",16.9453361850465,2124
"2125",15.9037618548664,2125
"2126",22.4270705465572,2126
"2127",12.0804316869117,2127
"2128",26.7852398055479,2128
"2129",30.3641160590215,2129
"2130",17.3127646450556,2130
"2131",11.3237232200322,2131
"2132",17.7149162181639,2132
"2133",19.465915472501,2133
"2134",14.0353933163909,2134
"2135",15.0750237028369,2135
"2136",13.5804253765311,2136
"2137",25.8826971073117,2137
"2138",23.5483918503396,2138
"2139",36.1543406553005,2139
"2140",20.1827341357107,2140
"2141",25.4570465100777,2141
"2142",33.3032155418415,2142
"2143",14.6854108908609,2143
"2144",19.2560638139597,2144
"2145",18.3638654448779,2145
"2146",25.5660122255448,2146
"2147",28.6896385036957,2147
"2148",23.7892922295937,2148
"2149",24.4697144007048,2149
"2150",26.4545139979318,2150
"2151",12.9959329259029,2151
"2152",13.5522103625206,2152
"2153",24.6664896520993,2153
"2154",20.7664284350931,2154
"2155",13.700372180537,2155
"2156",24.4024486928419,2156
"2157",6.58900209097022,2157
"2158",23.7339863278726,2158
"2159",28.1487154627441,2159
"2160",14.0982911458879,2160
"2161",13.8057358152272,2161
"2162",38.4440350103934,2162
"2163",14.3604879517735,2163
"2164",18.6324088485024,2164
"2165",15.6535503492385,2165
"2166",35.1219430755942,2166
"2167",23.4259178730659,2167
"2168",28.2225987425779,2168
"2169",25.1261245925332,2169
"2170",15.2181331506308,2170
"2171",18.8949407976778,2171
"2172",36.6455159421402,2172
"2173",12.2080180216887,2173
"2174",15.903439433985,2174
"2175",17.35502547176,2175
"2176",22.7698146330602,2176
"2177",19.8589119096824,2177
"2178",14.6673852151402,2178
"2179",16.8187431726729,2179
"2180",10.4959589417057,2180
"2181",29.025152091813,2181
"2182",40.5640699149131,2182
"2183",33.4377734291347,2183
"2184",32.658956495903,2184
"2185",23.9251268193519,2185
"2186",34.9477782263099,2186
"2187",30.6541741566989,2187
"2188",29.18832870284,2188
"2189",35.8357646972641,2189
"2190",14.0134870865855,2190
"2191",19.6056471549795,2191
"2192",21.4539149105346,2192
"2193",21.0445534105003,2193
"2194",18.0668481986868,2194
"2195",20.341291646606,2195
"2196",19.5752350020815,2196
"2197",28.5011124507717,2197
"2198",29.4708796414574,2198
"2199",31.869429746002,2199
"2200",13.1408456077865,2200
"2201",3.26221499594903,2201
"2202",20.176116750946,2202
"2203",-2.13606434431627,2203
"2204",15.16920772556,2204
"2205",13.6591168179944,2205
"2206",0.868814014409093,2206
"2207",11.820450169615,2207
"2208",17.9361275730433,2208
"2209",6.43142750092109,2209
"2210",16.3624880352332,2210
"2211",26.0188626941882,2211
"2212",20.9956824957524,2212
"2213",48.8900279283504,2213
"2214",32.4368173267077,2214
"2215",10.1555565083077,2215
"2216",7.53198638967194,2216
"2217",22.4381864768202,2217
"2218",25.2944907830289,2218
"2219",21.2243773305047,2219
"2220",14.8284185163703,2220
"2221",7.06880862218401,2221
"2222",37.4917752270376,2222
"2223",14.8683370875957,2223
"2224",14.2989220619615,2224
"2225",15.446971841891,2225
"2226",28.0778257173851,2226
"2227",28.7554705820094,2227
"2228",35.7468889563591,2228
"2229",25.8614800183578,2229
"2230",28.0577092384507,2230
"2231",33.381510234924,2231
"2232",19.756323178641,2232
"2233",22.0186445998966,2233
"2234",8.94973868326728,2234
"2235",5.05754252564244,2235
"2236",42.3906997698198,2236
"2237",17.2612926692236,2237
"2238",25.6763092605062,2238
"2239",19.3949252591267,2239
"2240",16.7638485084288,2240
"2241",27.4427599773988,2241
"2242",23.6570104552681,2242
"2243",34.6385522920289,2243
"2244",26.5990080173365,2244
"2245",15.127264988915,2245
"2246",26.6985603870015,2246
"2247",16.2241592566326,2247
"2248",17.2301261610545,2248
"2249",49.8141245431616,2249
"2250",20.0072333754561,2250
"2251",19.8942775244479,2251
"2252",26.5681867599119,2252
"2253",14.8175764980502,2253
"2254",21.6488288858906,2254
"2255",22.1734726599035,2255
"2256",37.638131492262,2256
"2257",39.0864159144946,2257
"2258",18.9526258717718,2258
"2259",26.7303365038273,2259
"2260",14.5675910604523,2260
"2261",26.3445654061725,2261
"2262",17.2590548368275,2262
"2263",24.189266333878,2263
"2264",31.0596274222207,2264
"2265",15.986032040109,2265
"2266",17.4912433147914,2266
"2267",16.3957786225536,2267
"2268",21.052391021397,2268
"2269",38.6827517863678,2269
"2270",26.0456974409087,2270
"2271",27.5819421060784,2271
"2272",18.6977216432886,2272
"2273",25.3556842922128,2273
"2274",30.7310057217996,2274
"2275",5.4467981063499,2275
"2276",8.05562959176296,2276
"2277",18.0998344790982,2277
"2278",27.2030972705097,2278
"2279",27.9723730101962,2279
"2280",21.9711125667128,2280
"2281",45.3961646181158,2281
"2282",44.7731216548458,2282
"2283",30.0362116241105,2283
"2284",23.4616699934791,2284
"2285",38.0613822536387,2285
"2286",35.1581456466128,2286
"2287",29.4591265623323,2287
"2288",38.4672093674603,2288
"2289",30.0902043004567,2289
"2290",27.3976886092913,2290
"2291",15.7147146995455,2291
"2292",19.9310567860222,2292
"2293",23.1723172965503,2293
"2294",11.6691919883802,2294
"2295",3.64733260608031,2295
"2296",11.7268399027212,2296
"2297",24.7374677925171,2297
"2298",14.6265949089283,2298
"2299",21.2486062377479,2299
"2300",29.1857727879285,2300
"2301",15.6257632453177,2301
"2302",-0.546249472271549,2302
"2303",21.7241375381537,2303
"2304",27.3544524706698,2304
"2305",9.05463711342552,2305
"2306",25.3084922565189,2306
"2307",15.3169961556086,2307
"2308",11.5559628195645,2308
"2309",14.0475924553077,2309
"2310",11.0880229799346,2310
"2311",14.7500818019096,2311
"2312",20.1950720095964,2312
"2313",12.9620842650806,2313
"2314",23.3716918214195,2314
"2315",29.6549711941779,2315
"2316",36.2125983626887,2316
"2317",13.294702715187,2317
"2318",21.8448799951891,2318
"2319",18.4922082487954,2319
"2320",27.942631712109,2320
"2321",31.299290671805,2321
"2322",25.7456303493628,2322
"2323",10.4721044419386,2323
"2324",13.8789948961206,2324
"2325",18.2045575980397,2325
"2326",14.9481747758882,2326
"2327",11.4201873667281,2327
"2328",22.6761271736044,2328
"2329",18.3319455196273,2329
"2330",12.9443469449079,2330
"2331",22.685756891824,2331
"2332",19.9945610594433,2332
"2333",17.0453994614197,2333
"2334",19.066360934714,2334
"2335",16.8817507106901,2335
"2336",20.0370446412352,2336
"2337",16.974361380165,2337
"2338",19.6247400701409,2338
"2339",15.5294190952264,2339
"2340",24.259257854791,2340
"2341",30.704191776929,2341
"2342",20.8476301333767,2342
"2343",22.6352821239237,2343
"2344",27.2155896174515,2344
"2345",9.85773205750293,2345
"2346",25.6732195903165,2346
"2347",26.9384956641652,2347
"2348",22.1159883386882,2348
"2349",32.9874356418391,2349
"2350",23.8814112916853,2350
"2351",27.4454220035294,2351
"2352",21.3690114781454,2352
"2353",29.5664288854986,2353
"2354",20.2599755407796,2354
"2355",18.2324655734009,2355
"2356",8.46611219763127,2356
"2357",21.1386596177816,2357
"2358",31.7996320206902,2358
"2359",25.2387236899727,2359
"2360",21.4028415141351,2360
"2361",18.0912616951692,2361
"2362",26.4421992535589,2362
"2363",12.0619011614752,2363
"2364",18.7856465110179,2364
"2365",18.3462358825654,2365
"2366",22.1620258103894,2366
"2367",18.417755462078,2367
"2368",17.8904318059332,2368
"2369",18.8190019546321,2369
"2370",12.3329902811165,2370
"2371",31.6463472813528,2371
"2372",34.4047089207138,2372
"2373",13.3917758673799,2373
"2374",29.940594035215,2374
"2375",17.5387088504212,2375
"2376",36.2125388580453,2376
"2377",32.4561623416649,2377
"2378",25.7562902217372,2378
"2379",32.1211345668188,2379
"2380",16.4449746137096,2380
"2381",37.9992738479541,2381
"2382",49.4277506935128,2382
"2383",36.9046655631652,2383
"2384",39.3038265046402,2384
"2385",34.3446203160129,2385
"2386",20.1352860277685,2386
"2387",33.9331477858473,2387
"2388",49.8839400233422,2388
"2389",31.2929579611015,2389
"2390",30.3816888733111,2390
"2391",22.5553652836684,2391
"2392",16.0659377933352,2392
"2393",9.12975984793294,2393
"2394",17.8975754271696,2394
"2395",5.14748636257133,2395
"2396",24.907837921982,2396
"2397",20.6564232919656,2397
"2398",14.3516967067332,2398
"2399",21.5529606402773,2399
"2400",11.2767983198147,2400
"2401",10.1593652675968,2401
"2402",32.6626211964036,2402
"2403",12.4929905932495,2403
"2404",-4.1583783958606,2404
"2405",18.8309766532312,2405
"2406",-0.766822810898248,2406
"2407",11.0569793564653,2407
"2408",28.5790567708607,2408
"2409",12.7116137358886,2409
"2410",10.4014752185908,2410
"2411",30.6553857464438,2411
"2412",25.3484172379375,2412
"2413",19.0525738944756,2413
"2414",11.8687628445786,2414
"2415",12.1656590537681,2415
"2416",15.0544738565496,2416
"2417",17.919057440154,2417
"2418",37.6429346578308,2418
"2419",23.3587711149391,2419
"2420",19.3897631818261,2420
"2421",12.1590519299828,2421
"2422",18.1241340549481,2422
"2423",29.5486866897389,2423
"2424",16.328973984547,2424
"2425",18.2884950623024,2425
"2426",21.1573194062669,2426
"2427",18.3376717520702,2427
"2428",27.92056100874,2428
"2429",34.4858941775464,2429
"2430",17.4712549333389,2430
"2431",11.9588528354774,2431
"2432",25.7978522477518,2432
"2433",20.0744035935065,2433
"2434",14.0594277336739,2434
"2435",8.69134566213723,2435
"2436",30.4803161035571,2436
"2437",21.2652098872652,2437
"2438",26.9038514114561,2438
"2439",16.8129252811668,2439
"2440",17.4311394531826,2440
"2441",28.3937640111607,2441
"2442",34.4826887321174,2442
"2443",29.9796044780051,2443
"2444",33.4802855398307,2444
"2445",27.8163501183718,2445
"2446",33.2407295869513,2446
"2447",22.5231675042503,2447
"2448",43.8918122098607,2448
"2449",23.9976523030907,2449
"2450",31.2115115421097,2450
"2451",25.2121839195758,2451
"2452",20.5496790788418,2452
"2453",16.8558989646559,2453
"2454",22.4910293721294,2454
"2455",19.9454703216371,2455
"2456",31.1635137128584,2456
"2457",11.7613493625722,2457
"2458",26.6083517389583,2458
"2459",12.8106058166267,2459
"2460",14.1569954022597,2460
"2461",28.7262616753105,2461
"2462",26.4448218406947,2462
"2463",19.0071527608993,2463
"2464",30.2770110322149,2464
"2465",7.04367743266511,2465
"2466",12.9095445910418,2466
"2467",19.0809673821806,2467
"2468",30.2711939019005,2468
"2469",17.7349719267063,2469
"2470",17.4748664124989,2470
"2471",41.8720895601445,2471
"2472",21.1812168545567,2472
"2473",16.3334366463529,2473
"2474",14.6407690951157,2474
"2475",10.8437105733713,2475
"2476",20.2318241241759,2476
"2477",23.84455005785,2477
"2478",15.8225732659618,2478
"2479",32.6070119812418,2479
"2480",29.1857658956777,2480
"2481",47.8817588453597,2481
"2482",41.5918094001318,2482
"2483",31.769534439104,2483
"2484",37.9518435247736,2484
"2485",25.2425764622649,2485
"2486",36.3786352631806,2486
"2487",37.8352707447771,2487
"2488",33.2553711420346,2488
"2489",39.6832256514622,2489
"2490",26.930689175264,2490
"2491",11.3023184453947,2491
"2492",9.6964573440264,2492
"2493",20.9322405799894,2493
"2494",22.9339106449353,2494
"2495",27.0827215745059,2495
"2496",23.723587708885,2496
"2497",30.4139010720677,2497
"2498",16.745383221172,2498
"2499",28.1002357356191,2499
"2500",14.537431224372,2500
"2501",21.9290806310277,2501
"2502",10.4232174715131,2502
"2503",8.75094159459594,2503
"2504",28.0111097055104,2504
"2505",11.0443889541356,2505
"2506",28.5716962922701,2506
"2507",5.69426828077722,2507
"2508",6.5858866771737,2508
"2509",26.094160824639,2509
"2510",13.3941755907514,2510
"2511",29.6836648689828,2511
"2512",29.6496703180092,2512
"2513",16.1326729201007,2513
"2514",21.454132706985,2514
"2515",19.3694744301167,2515
"2516",18.6372270469379,2516
"2517",34.5193555750593,2517
"2518",43.9464502862193,2518
"2519",40.8166191956048,2519
"2520",10.8271042526436,2520
"2521",16.0390015969367,2521
"2522",25.8780947309029,2522
"2523",21.9432241758767,2523
"2524",18.0928729451475,2524
"2525",18.7484574459535,2525
"2526",21.6475037173473,2526
"2527",30.847891610956,2527
"2528",14.7923964837493,2528
"2529",34.5412039328409,2529
"2530",12.9126619902919,2530
"2531",5.70779974000536,2531
"2532",24.6113141217765,2532
"2533",26.3449116958297,2533
"2534",6.62922082081301,2534
"2535",20.0207601608542,2535
"2536",15.3795122205282,2536
"2537",14.7696957636957,2537
"2538",20.0077790399376,2538
"2539",17.6814213220238,2539
"2540",11.2047025700571,2540
"2541",31.1974451401274,2541
"2542",30.940646836403,2542
"2543",41.4096317904974,2543
"2544",9.75201242195137,2544
"2545",23.4344082292749,2545
"2546",15.6614634910022,2546
"2547",23.6555298425588,2547
"2548",31.5666674071117,2548
"2549",39.8591025808555,2549
"2550",25.3315540358268,2550
"2551",13.8005932906109,2551
"2552",3.05896104079854,2552
"2553",12.6178782222118,2553
"2554",30.672327490639,2554
"2555",4.29706055793656,2555
"2556",39.0493973248588,2556
"2557",13.11696876871,2557
"2558",26.6528998155819,2558
"2559",12.8915613135144,2559
"2560",30.5847072658754,2560
"2561",29.2603784255788,2561
"2562",19.7742791116275,2562
"2563",17.6237713641357,2563
"2564",13.4039022778093,2564
"2565",25.8584471096343,2565
"2566",26.8023680534047,2566
"2567",13.4710010032097,2567
"2568",23.6133608841427,2568
"2569",21.8130041399699,2569
"2570",20.9776138544207,2570
"2571",28.2663635460055,2571
"2572",21.8615530474696,2572
"2573",17.9656548901687,2573
"2574",21.0048670684752,2574
"2575",15.2356120726185,2575
"2576",17.6985166682404,2576
"2577",22.7284334052598,2577
"2578",29.6778141870665,2578
"2579",31.8336987207858,2579
"2580",19.0923479343476,2580
"2581",41.6916193902863,2581
"2582",42.6130545217235,2582
"2583",47.268097317962,2583
"2584",32.7890410717589,2584
"2585",29.7484556522805,2585
"2586",30.0426808883766,2586
"2587",27.7830721035925,2587
"2588",27.699929549488,2588
"2589",34.5326670020321,2589
"2590",40.2529658403812,2590
"2591",19.8068070664414,2591
"2592",19.0458463250683,2592
"2593",22.1672961536307,2593
"2594",21.3044862915338,2594
"2595",29.9952882645131,2595
"2596",34.7068879288459,2596
"2597",5.99580288127532,2597
"2598",31.3921614128167,2598
"2599",35.3689957510196,2599
"2600",27.8476517347969,2600
"2601",5.16969863103023,2601
"2602",8.12320190085276,2602
"2603",6.71785797062802,2603
"2604",6.65918481159995,2604
"2605",-3.88741906942471,2605
"2606",4.35796725278629,2606
"2607",13.7151072886288,2607
"2608",13.6991460233109,2608
"2609",1.74791550049584,2609
"2610",18.7356614487615,2610
"2611",21.4300319210309,2611
"2612",31.4198433454335,2612
"2613",19.9214208738134,2613
"2614",23.6693049043729,2614
"2615",23.7261137597242,2615
"2616",29.3871891643383,2616
"2617",17.7832728307012,2617
"2618",14.8689510271468,2618
"2619",14.6029531100878,2619
"2620",14.9165317454908,2620
"2621",18.2973923523466,2621
"2622",32.3356510039241,2622
"2623",22.969339446463,2623
"2624",28.2888849092436,2624
"2625",13.5590880579829,2625
"2626",20.994309985746,2626
"2627",28.6386596425204,2627
"2628",25.0903843135377,2628
"2629",14.7853223140501,2629
"2630",21.447891648015,2630
"2631",26.5246268357012,2631
"2632",22.785437132518,2632
"2633",19.4910577228274,2633
"2634",13.153904173666,2634
"2635",1.85759598533832,2635
"2636",9.05116344800184,2636
"2637",14.7176011702441,2637
"2638",25.3283475890347,2638
"2639",24.331699026295,2639
"2640",20.3916125055062,2640
"2641",29.0707866676221,2641
"2642",34.3769137752436,2642
"2643",27.5370495503901,2643
"2644",47.4984818171259,2644
"2645",10.4667316986959,2645
"2646",32.1395673503937,2646
"2647",27.9982411049682,2647
"2648",35.8130731435406,2648
"2649",29.5891453835671,2649
"2650",22.8344847642012,2650
"2651",16.4482446449238,2651
"2652",23.8950152049297,2652
"2653",3.78374311369868,2653
"2654",14.0112970228776,2654
"2655",14.2620078600051,2655
"2656",29.1714893298334,2656
"2657",9.38064061633593,2657
"2658",30.1830471486642,2658
"2659",34.3701863332552,2659
"2660",21.8292743630208,2660
"2661",23.1379986689191,2661
"2662",32.7998042279345,2662
"2663",16.568726850794,2663
"2664",20.352781432305,2664
"2665",20.0239659842887,2665
"2666",15.903536725545,2666
"2667",23.6499180447495,2667
"2668",42.0097457006773,2668
"2669",7.68280556544411,2669
"2670",11.5004591807268,2670
"2671",12.4763835206936,2671
"2672",19.4384667941999,2672
"2673",29.4464923295592,2673
"2674",16.938696557605,2674
"2675",4.2472611240229,2675
"2676",27.229115924228,2676
"2677",13.713758758051,2677
"2678",16.2025566416146,2678
"2679",14.6972866682103,2679
"2680",14.7193347918828,2680
"2681",32.778054003559,2681
"2682",30.1045055618827,2682
"2683",19.3607280924106,2683
"2684",32.3414199098538,2684
"2685",20.3157781275639,2685
"2686",23.5989964369215,2686
"2687",27.2630174631341,2687
"2688",36.3706277162772,2688
"2689",48.3824393462565,2689
"2690",30.2193448613516,2690
"2691",16.1072329106784,2691
"2692",14.4903630386091,2692
"2693",15.8769301227117,2693
"2694",31.0697083693976,2694
"2695",14.9114667792593,2695
"2696",26.8811397120025,2696
"2697",11.5165517620245,2697
"2698",23.0709247267234,2698
"2699",15.3540067640961,2699
"2700",17.2370909925167,2700
"2701",12.8319599545933,2701
"2702",7.39338141002802,2702
"2703",10.5214865021079,2703
"2704",2.92303852809827,2704
"2705",-0.279021894047704,2705
"2706",9.73537554610371,2706
"2707",1.7202616635435,2707
"2708",27.9452661507616,2708
"2709",22.8286505819191,2709
"2710",0.919835920734578,2710
"2711",-1.19769251697267,2711
"2712",15.8672587445359,2712
"2713",18.35919772587,2713
"2714",30.8050845093521,2714
"2715",6.56101159458323,2715
"2716",24.6412399181179,2716
"2717",13.5625124292554,2717
"2718",16.1966216930176,2718
"2719",29.2405588141331,2719
"2720",5.76914288964349,2720
"2721",18.830214179362,2721
"2722",35.0957347873276,2722
"2723",13.4286266392147,2723
"2724",17.2617497596043,2724
"2725",16.9111000214768,2725
"2726",21.4866576098292,2726
"2727",30.1069285451006,2727
"2728",36.285388391358,2728
"2729",18.1306485254808,2729
"2730",29.2757228039132,2730
"2731",11.7942428319173,2731
"2732",21.7518552331457,2732
"2733",33.2370539641901,2733
"2734",10.7266733822864,2734
"2735",9.6949290635527,2735
"2736",24.5626755607803,2736
"2737",20.7000760639495,2737
"2738",10.4078259480458,2738
"2739",21.0696417820359,2739
"2740",21.0778142853664,2740
"2741",13.9265857331111,2741
"2742",29.6724947269576,2742
"2743",39.7288586577957,2743
"2744",11.3396816332106,2744
"2745",21.2827935797906,2745
"2746",21.7849257516083,2746
"2747",25.033885674409,2747
"2748",27.3389530727897,2748
"2749",30.8047319520544,2749
"2750",31.658363050738,2750
"2751",22.8431747582985,2751
"2752",25.7854069922474,2752
"2753",35.2600602147636,2753
"2754",25.3356016576252,2754
"2755",13.569410653929,2755
"2756",23.325851813578,2756
"2757",26.040954116354,2757
"2758",35.6786688470341,2758
"2759",28.6704142908375,2759
"2760",9.07870541246124,2760
"2761",22.0043592921815,2761
"2762",18.4577315087469,2762
"2763",30.0381094297145,2763
"2764",18.1013766831203,2764
"2765",26.9111503732671,2765
"2766",24.3668148217906,2766
"2767",30.1978476602022,2767
"2768",35.7383181445018,2768
"2769",27.8486033916243,2769
"2770",28.4353406779408,2770
"2771",24.2265769300012,2771
"2772",33.3448622087492,2772
"2773",20.4724218979001,2773
"2774",5.49812027488016,2774
"2775",6.93078100216556,2775
"2776",29.1239825551122,2776
"2777",13.4733496464152,2777
"2778",27.167965534606,2778
"2779",26.7830282750722,2779
"2780",18.3310056308285,2780
"2781",28.7619003830354,2781
"2782",29.1660443039552,2782
"2783",20.5402866456382,2783
"2784",22.5007731602664,2784
"2785",27.5425872941182,2785
"2786",37.3395840944577,2786
"2787",41.7738658019903,2787
"2788",33.3540334818776,2788
"2789",32.0451777041351,2789
"2790",33.6842284995174,2790
"2791",19.6882681305708,2791
"2792",7.06885379008976,2792
"2793",16.8407838308702,2793
"2794",33.4123229243719,2794
"2795",13.5686471888085,2795
"2796",20.1794346758503,2796
"2797",22.7116867447955,2797
"2798",20.4259226990808,2798
"2799",24.4683376824759,2799
"2800",14.2597069830394,2800
"2801",21.4784313334878,2801
"2802",7.67015791845373,2802
"2803",23.9120714291604,2803
"2804",6.67613606904361,2804
"2805",12.1441202640441,2805
"2806",5.28619355163179,2806
"2807",20.3599621393911,2807
"2808",8.91310445232835,2808
"2809",18.7935916461602,2809
"2810",7.40724621631624,2810
"2811",8.15147017029572,2811
"2812",29.5758564763091,2812
"2813",28.8787136176132,2813
"2814",14.5005180795636,2814
"2815",15.0141945934367,2815
"2816",34.8386499105876,2816
"2817",25.8727412858054,2817
"2818",30.1626553435697,2818
"2819",31.4141326844344,2819
"2820",17.8420602661413,2820
"2821",26.099686214971,2821
"2822",27.5165547858492,2822
"2823",20.6198502502489,2823
"2824",34.7641936741843,2824
"2825",19.9582808395972,2825
"2826",28.7702175181976,2826
"2827",27.5040696850223,2827
"2828",28.7761261296477,2828
"2829",35.9137237991632,2829
"2830",24.3879017312225,2830
"2831",15.686050476809,2831
"2832",28.7000035756709,2832
"2833",16.388172723393,2833
"2834",20.4095337773208,2834
"2835",14.6271965642937,2835
"2836",21.5047887562403,2836
"2837",34.850426998071,2837
"2838",27.3334291162333,2838
"2839",26.1499684665219,2839
"2840",11.7987625023453,2840
"2841",26.6108876792326,2841
"2842",31.9173295693243,2842
"2843",28.2978377552989,2843
"2844",24.1384427340551,2844
"2845",21.4912618902495,2845
"2846",31.1633830546033,2846
"2847",20.2287150196418,2847
"2848",26.3731223433227,2848
"2849",19.7372362806466,2849
"2850",8.06659234979222,2850
"2851",24.2505609434326,2851
"2852",21.2403260208667,2852
"2853",20.9834172043199,2853
"2854",19.6923538384035,2854
"2855",25.0457461276223,2855
"2856",30.1040715150626,2856
"2857",17.9416754859324,2857
"2858",24.4349951422461,2858
"2859",46.4421491444408,2859
"2860",15.8868407775693,2860
"2861",25.2038064158772,2861
"2862",20.3442188437308,2862
"2863",11.0726566565204,2863
"2864",23.8085809193065,2864
"2865",20.2808158061968,2865
"2866",29.0959527866279,2866
"2867",17.5604251180245,2867
"2868",33.8748458716433,2868
"2869",24.6603892060756,2869
"2870",27.9697889893987,2870
"2871",31.793392174828,2871
"2872",16.2308528090892,2872
"2873",14.6198558192732,2873
"2874",37.3775313718411,2874
"2875",11.4276268482782,2875
"2876",32.4183810990466,2876
"2877",23.622388891169,2877
"2878",26.5495905783201,2878
"2879",19.8404183788276,2879
"2880",19.933869138602,2880
"2881",32.7692672560931,2881
"2882",29.3652528804958,2882
"2883",26.1662099906734,2883
"2884",34.2402007836459,2884
"2885",29.001757700031,2885
"2886",41.4833848022411,2886
"2887",30.7223476570356,2887
"2888",35.838878386831,2888
"2889",32.4613381834286,2889
"2890",28.3391434793682,2890
"2891",11.2440072231512,2891
"2892",30.1287763107081,2892
"2893",12.0920920771248,2893
"2894",16.417157467782,2894
"2895",15.1324316616847,2895
"2896",17.6874537056172,2896
"2897",34.2343754069295,2897
"2898",8.53814231403458,2898
"2899",39.6695333961798,2899
"2900",20.0488704329499,2900
"2901",14.3517412450339,2901
"2902",32.2227879128885,2902
"2903",18.0064178702961,2903
"2904",8.37197398632865,2904
"2905",6.36153132180253,2905
"2906",13.3040091369522,2906
"2907",14.3743925929064,2907
"2908",22.1143193197155,2908
"2909",21.6631367684685,2909
"2910",-2.56265644680546,2910
"2911",20.1314881090336,2911
"2912",29.1694827984238,2912
"2913",25.9913709282561,2913
"2914",34.9983322970856,2914
"2915",15.0786319856542,2915
"2916",12.9851434205708,2916
"2917",37.7042179652018,2917
"2918",19.7187655772678,2918
"2919",32.4803954871455,2919
"2920",13.3828450750608,2920
"2921",17.2522693569088,2921
"2922",27.9527439552146,2922
"2923",8.51070136396722,2923
"2924",19.2236984890898,2924
"2925",17.0712560370327,2925
"2926",20.5573657204052,2926
"2927",20.3990233597067,2927
"2928",23.0185291344486,2928
"2929",25.1735912285221,2929
"2930",24.9148363938188,2930
"2931",36.5504874970333,2931
"2932",27.3292465127682,2932
"2933",29.3873733628219,2933
"2934",10.2152155014175,2934
"2935",19.0081274064613,2935
"2936",28.6934997809015,2936
"2937",17.9227954283514,2937
"2938",28.011876058689,2938
"2939",15.0586129700754,2939
"2940",11.079077460842,2940
"2941",32.7895073528197,2941
"2942",32.7731117792981,2942
"2943",20.5581914697057,2943
"2944",22.6731561405791,2944
"2945",30.642362671172,2945
"2946",13.6526145110545,2946
"2947",21.1629964339793,2947
"2948",24.3244991714753,2948
"2949",29.1921071118255,2949
"2950",38.0007314680548,2950
"2951",28.4702521215904,2951
"2952",32.5291512904315,2952
"2953",18.9849302333169,2953
"2954",22.2900031883335,2954
"2955",27.0210553074304,2955
"2956",12.6508492760796,2956
"2957",24.5178508125337,2957
"2958",16.0163135127828,2958
"2959",21.4637049529061,2959
"2960",14.8155419375322,2960
"2961",28.3559719534961,2961
"2962",15.1811276113624,2962
"2963",12.7914551893982,2963
"2964",36.6256149234624,2964
"2965",17.6183555601828,2965
"2966",17.0827491692755,2966
"2967",19.9198203490362,2967
"2968",26.5828651467145,2968
"2969",20.4594268865663,2969
"2970",29.3663954578883,2970
"2971",30.9638352377701,2971
"2972",23.9033961584008,2972
"2973",16.9751830220389,2973
"2974",9.58230054280494,2974
"2975",22.8876313576138,2975
"2976",22.56079596,2976
"2977",32.924400093076,2977
"2978",42.2182647100874,2978
"2979",36.5413907524206,2979
"2980",12.5351224402655,2980
"2981",27.2130829413174,2981
"2982",34.8826856829484,2982
"2983",24.0463339265734,2983
"2984",36.896849276765,2984
"2985",18.8612896628561,2985
"2986",27.6206821730215,2986
"2987",41.7659429762072,2987
"2988",39.7881547843628,2988
"2989",25.9051703887613,2989
"2990",27.1771291498902,2990
"2991",14.2591242954956,2991
"2992",17.4315593710111,2992
"2993",24.3437922561039,2993
"2994",6.76200561995786,2994
"2995",8.6961195968724,2995
"2996",10.8227978962324,2996
"2997",3.24456585879836,2997
"2998",26.0221690137541,2998
"2999",9.30625384747827,2999
"3000",15.3262542003166,3000
